kind,term,status,definition,matches,resolved_title,body_mention_count,body_mentions,suggestions
class,Alchemist,exact,src/core/common.c:911,Alchemist | Alchemist Recipe | Alchemist Skills | SKILL_ALCHEMIST,Alchemist,0,,
class,Anti-Paladin,exact,src/core/common.c:896,Anti-Paladin | Anti-paladin Skills | SKILL_ANTI-PALADIN,Anti-Paladin,0,,
class,Assassin,exact,src/core/common.c:905,Assassin | Assassin Skills | SKILL_ASSASSIN,Assassin,0,,
class,Avenger,exact,src/core/common.c:918,Avenger | Avenger Skills | SKILL_AVENGER,Avenger,0,,
class,Bard,exact,src/core/common.c:907,Bard | Bard Skills | SKILL_BARD,Bard,0,,
class,Berserker,exact,src/core/common.c:912,Berserker | Berserker Skills | SKILL_BERSERKER,Berserker,0,,
class,Blighter,exact,src/core/common.c:915,Blighter | Blighter Skills | SKILL_BLIGHTER,Blighter,0,,
class,Cleric,exact,src/core/common.c:897,Cleric | Cleric Skills | Clerical Spell Knowledge | SKILL_CLERIC,Cleric,0,,
class,Conjurer,exact,src/core/common.c:903,Conjurer | Conjurer Skills | SKILL_CONJURER,Conjurer,0,,
class,Dragoon,exact,src/core/common.c:921,Dragoon | Dragoon Skills | SKILL_DRAGOON,Dragoon,0,,
class,Dreadlord,exact,src/core/common.c:916,Dreadlord | Dreadlord Skills | SKILL_DREADLORD,Dreadlord,0,,
class,Druid,exact,src/core/common.c:899,Druid | Druid Skills | Forest druid | SKILL_DRUID | STORM DRUID,Druid,0,,
class,Ethermancer,exact,src/core/common.c:917,Ethermancer | Ethermancer Skills | SKILL_ETHERMANCER,Ethermancer,0,,
class,Illusionist,exact,src/core/common.c:914,Illusionist | Illusionist Skills | SKILL_ILLUSIONIST,Illusionist,0,,
class,Mercenary,exact,src/core/common.c:906,Mercenary | Mercenary Skills | SKILL_MERCENARY,Mercenary,0,,
class,MindFlayer,exact,src/core/common.c:910,MindFlayer | MindFlayer Skills | SKILL_MINDFLAYER,MindFlayer,0,,
class,Monk,exact,src/core/common.c:898,Monk | Monk Skills | Monkey | SKILL_MONK,Monk,0,,
class,Necromancer,exact,src/core/common.c:902,Necromancer | Necromancer Skills | SKILL_NECROMANCER,Necromancer,0,,
class,Paladin,exact,src/core/common.c:895,Anti-Paladin | Anti-paladin Skills | Paladin | Paladin auras | Paladin Skills | SKILL_ANTI-PALADIN | SKILL_PALADIN,Paladin,0,,
class,Psionicist,exact,src/core/common.c:894,Psionicist | Psionicist Skills | SKILL_PSIONICIST,Psionicist,0,,
class,Ranger,exact,src/core/common.c:893,Ranger | Ranger Skills | SKILL_RANGER,Ranger,0,,
class,Reaver,exact,src/core/common.c:913,BLOOD REAVER | Flame reaver | Reaver | Reaver Skills | Shock reaver | SKILL_REAVER,Reaver,0,,
class,Rogue,exact,src/core/common.c:904,Rogue | Rogue Plains | Rogue Skills | SKILL_ROGUE,Rogue,0,,
class,Shaman,exact,src/core/common.c:900,Shaman | Shaman Skills | Shaman Spell Knowledge | SKILL_SHAMAN,Shaman,0,,
class,Sorcerer,exact,src/core/common.c:901,SKILL_SORCERER | Sorcerer | Sorcerer Skills,Sorcerer,0,,
class,Summoner,exact,src/core/common.c:920,SKILL_SUMMONER | Summoner | Summoner Skills,Summoner,0,,
class,Theurgist,exact,src/core/common.c:919,SKILL_THEURGIST | Theurgist | Theurgist Skills,Theurgist,0,,
class,Thief,exact,src/core/common.c:908,SKILL_THIEF | Thief | Thief Skills,Thief,0,,
class,Warlock,exact,src/core/common.c:909,SKILL_WARLOCK | Warlock | Warlock Skills,Warlock,0,,
class,Warrior,exact,src/core/common.c:892,SKILL_WARRIOR | Warrior | Warrior Skills,Warrior,0,,
class_skillset,Alchemist Skills,exact,src/core/common.c:911,Alchemist Skills,Alchemist Skills,0,,
class_skillset,Anti-Paladin Skills,exact,src/core/common.c:896,Anti-paladin Skills,Anti-paladin Skills,0,,
class_skillset,Assassin Skills,exact,src/core/common.c:905,Assassin Skills,Assassin Skills,0,,
class_skillset,Avenger Skills,exact,src/core/common.c:918,Avenger Skills,Avenger Skills,0,,
class_skillset,Bard Skills,exact,src/core/common.c:907,Bard Skills,Bard Skills,0,,
class_skillset,Berserker Skills,exact,src/core/common.c:912,Berserker Skills,Berserker Skills,0,,
class_skillset,Blighter Skills,exact,src/core/common.c:915,Blighter Skills,Blighter Skills,0,,
class_skillset,Cleric Skills,exact,src/core/common.c:897,Cleric Skills,Cleric Skills,0,,
class_skillset,Conjurer Skills,exact,src/core/common.c:903,Conjurer Skills,Conjurer Skills,0,,
class_skillset,Dragoon Skills,exact,src/core/common.c:921,Dragoon Skills,Dragoon Skills,0,,
class_skillset,Dreadlord Skills,exact,src/core/common.c:916,Dreadlord Skills,Dreadlord Skills,0,,
class_skillset,Druid Skills,exact,src/core/common.c:899,Druid Skills,Druid Skills,0,,
class_skillset,Ethermancer Skills,exact,src/core/common.c:917,Ethermancer Skills,Ethermancer Skills,0,,
class_skillset,Illusionist Skills,exact,src/core/common.c:914,Illusionist Skills,Illusionist Skills,0,,
class_skillset,Mercenary Skills,exact,src/core/common.c:906,Mercenary Skills,Mercenary Skills,0,,
class_skillset,MindFlayer Skills,exact,src/core/common.c:910,MindFlayer Skills,MindFlayer Skills,0,,
class_skillset,Monk Skills,exact,src/core/common.c:898,Monk Skills,Monk Skills,0,,
class_skillset,Necromancer Skills,exact,src/core/common.c:902,Necromancer Skills,Necromancer Skills,0,,
class_skillset,Paladin Skills,exact,src/core/common.c:895,Anti-paladin Skills | Paladin Skills,Paladin Skills,0,,
class_skillset,Psionicist Skills,exact,src/core/common.c:894,Psionicist Skills,Psionicist Skills,0,,
class_skillset,Ranger Skills,exact,src/core/common.c:893,Ranger Skills,Ranger Skills,0,,
class_skillset,Reaver Skills,exact,src/core/common.c:913,Reaver Skills,Reaver Skills,0,,
class_skillset,Rogue Skills,exact,src/core/common.c:904,Rogue Skills,Rogue Skills,0,,
class_skillset,Shaman Skills,exact,src/core/common.c:900,Shaman Skills,Shaman Skills,0,,
class_skillset,Sorcerer Skills,exact,src/core/common.c:901,Sorcerer Skills,Sorcerer Skills,0,,
class_skillset,Summoner Skills,exact,src/core/common.c:920,Summoner Skills,Summoner Skills,0,,
class_skillset,Theurgist Skills,exact,src/core/common.c:919,Theurgist Skills,Theurgist Skills,0,,
class_skillset,Thief Skills,exact,src/core/common.c:908,Thief Skills,Thief Skills,0,,
class_skillset,Warlock Skills,exact,src/core/common.c:909,Warlock Skills,Warlock Skills,0,,
class_skillset,Warrior Skills,exact,src/core/common.c:892,Warrior Skills,Warrior Skills,0,,
command,',ambiguous,src/cmd/interp.c:3386,BIGBY'S CLENCHED FIST | gral' | Neth_Guides' | s_test_Desolate_part_Guides' | s_Wayhouse',,140,AFFECTPURGE | Air magus | Animalist | Anti-Paladin | Anti-paladin Skills,
command,:,missing,src/cmd/interp.c:3151,,,107,Aggr | AGGR AGGRESSIVE | Anatomy | Artifact_orbofthesea | ASCLIST,
command,abort,exact,src/cmd/interp.c:3461,ABORT,ABORT,0,,
command,absorbe,missing,src/cmd/interp.c:3284,,,0,,Snore | Score | ABORT
command,acc,ambiguous,src/cmd/interp.c:3446,"Accelerated healing | ACCOUNT | Accuse | GOD, ACCEPT | Godaccept",,0,,
command,achievements,exact,src/cmd/interp.c:3285,ACHIEVEMENTS,ACHIEVEMENTS,0,,
command,aggr,exact,src/cmd/interp.c:3288,Aggr | AGGR AGGRESSIVE,Aggr,0,,
command,alert,exact,src/cmd/interp.c:3290,Alert | TOGGLE_BATTLE ALERT | WAKE REST SIT STAND KNEEL RECLINE ALERT,Alert,0,,
command,alliance,ambiguous,src/cmd/interp.c:3445,Blood Alliance | Ethereal Alliance | UNHOLY ALLIANCE,,8,Blood Alliance | BLOOD REAVER | Construct | Ethereal Alliance | HARPY GARGOYLE,
command,apply,partial,src/cmd/interp.c:3110,Apply Poison,,22,Apply Poison | Assassin | Assassin Skills | Bandage | Berserk,
command,appoint,missing,src/cmd/interp.c:3341,,,0,,Point | TAINT
command,appraise,exact,src/cmd/interp.c:3109,Appraise,Appraise,0,,
command,area,exact,src/cmd/interp.c:3276,Area | AREA HEADBUTT | Area making | Areamaking,Area,0,,
command,arena,missing,src/cmd/interp.c:3291,,,0,,Area | RENAME | Rent
command,artifacts,exact,src/cmd/interp.c:3111,ARTIFACTS,ARTIFACTS,0,,
command,ascend,exact,src/cmd/interp.c:3134,Ascend | REMORT ASCEND,Ascend,0,,
command,ask,exact,src/cmd/interp.c:3292,Ask | Mask | SAY TELL WHISPER ASK,Ask,0,,
command,assimilate,exact,src/cmd/interp.c:3362,Assimilate,Assimilate,0,,
command,assist,exact,src/cmd/interp.c:3115,Assist | Assisting,Assist,0,,
command,attributes,exact,src/cmd/interp.c:3293,Attributes | SCORE ATTRIBUTES,Attributes,0,,
command,auction,exact,src/cmd/interp.c:3453,Auction | Auction Bid | Auction Info | Auction List | Auction Offer | Auction Pickup,Auction,0,,
command,awareness,exact,src/cmd/interp.c:3117,Awareness,Awareness,0,,
command,backstab,exact,src/cmd/interp.c:3118,Backstab,Backstab,0,,
command,balance,partial,src/cmd/interp.c:3119,EXCHANGE BANKS BALANCE DEPOSIT WITHDRAW,,20,Alignment | ARMLOCK | Bash | Celestia | Chant,
command,bandage,exact,src/cmd/interp.c:3120,Bandage | Old Bandage,Bandage,0,,
command,barrage,ambiguous,src/cmd/interp.c:3314,BLADE BARRAGE | Solbeeps Missile Barrage,,8,Age | ANTIMATTER COLLISION | BLADE BARRAGE | Dragoon Skills | Ranger Skills,
command,bash,exact,src/cmd/interp.c:3294,Bash | Doorbash | Shieldless bash,Bash,0,,
command,bearhug,exact,src/cmd/interp.c:3121,Bearhug,Bearhug,0,,
command,beep,partial,src/cmd/interp.c:3096,Solbeeps Missile Barrage,,0,,
command,berserk,exact,src/cmd/interp.c:3076,Berserk | Berserker | Berserker Skills | SKILL_BERSERKER,Berserk,0,,
command,bind,exact,src/cmd/interp.c:3252,Bind | BINDING WIND | SOULBIND | Spellbind | UNBIND,Bind,0,,
command,blade,ambiguous,src/cmd/interp.c:3313,BLADE BARRAGE | Blademaster | CEGILUNES SEARING BLADE | Doom Blade | Dread blade | Flame Blade | Healing Blade | HOLY BLADE | TAINTED BLADE | WIND BLADE,,51,Age | ARTIFACTS | Avarne | Avenger Skills | BLADE BARRAGE,
command,blood,ambiguous,src/cmd/interp.c:3286,Acid Blood | Blood Alliance | BLOOD REAVER | BLOOD SCENT | Blood to stone | BLOODSTONE | Boiling blood | Scent of the Bloodhound,,65,Acid Blood | Alchemist Recipe | ARTIFACTS | Bleed | BLIGHT,
command,bodyslam,exact,src/cmd/interp.c:3122,Bodyslam,Bodyslam,0,,
command,boon,missing,src/cmd/interp.c:3451,,,2,Lesser resurrect | RESTED,Moon | Bonk
command,breathe,exact,src/cmd/interp.c:3300,"Breathe | BREATHE ""INNATE BREATHE"" | Breathe frost",Breathe,0,,
command,buck,ambiguous,src/cmd/interp.c:3301,MOUNT RIDE DISMOUNT BUCK | Swashbuckler,,2,Mount | MOUNT RIDE DISMOUNT BUCK,
command,bug,exact,src/cmd/interp.c:3302,"Bug | BUG IDEA TYPO | DEBUG | GOD, DEBUG | Goddebug",Bug,0,,
command,build,missing,src/cmd/interp.c:3443,,,10,Construct | Flex | Flutter | Guildhall | GUILDHALLS,Guild | Guilds | Boulder
command,bury,exact,src/cmd/interp.c:3083,Bury,Bury,0,,
command,call,ambiguous,src/cmd/interp.c:3388,CALL ARCHON | Call asura | CALL AVATAR | CALL BRALANI | Call deva | CALL KNIGHT | CALL LIBERATOR | Call lightning | Call of the Grave | CALL OF THE WILD | CALL TITAN | Call woodland beings | God call | Group Recall | Natures calling | Recall | STORMCALLERS FURY | WORD OF RECALL,,57,ARTIFACTS | Avatar | Avenger | Avenger Skills | BATTLETIDE,
command,camp,exact,src/cmd/interp.c:3124,Camp,Camp,0,,
command,capture,exact,src/cmd/interp.c:3419,Capture,Capture,0,,
command,carve,exact,src/cmd/interp.c:3123,Carve,Carve,0,,
command,cast,exact,src/cmd/interp.c:3304,AERIAL CASTING | Cast | Caster | GROUND CASTING | INSTACAST | Outcast | Outcast Tower Guides,Cast,0,,
command,channel,exact,src/cmd/interp.c:3307,Channel | Channel Negative Energy | Channeler | TOGGLE_HINT CHANNEL,Channel,0,,
command,chant,exact,src/cmd/interp.c:3309,Chant | Chant mastery | Chant of subversion | Chants | Enchant | ENCHANT ARROWS | Enchant Weapon | Enchanter | Quick Chant | WEAPON ENCHANTMENT,Chant,0,,
command,chaos,ambiguous,src/cmd/interp.c:3196,chaos craft pouch | chaos pouch | CHAOS SHIELD | CHAOS VOLLEY | Song of Chaos,,19,Army of Armageddon | ARTIFACTS | AURA OF REBIRTH | Bard Skills | chaos craft pouch,
command,charge,exact,src/cmd/interp.c:3256,Charge | Ethereal discharge | Ethereal Recharge | Greater Ethereal Recharge | Lance Charge | RECHARGER | STATIC DISCHARGE,Charge,0,,
command,cheat,exact,src/cmd/interp.c:3303,"CHEAT | GOD, CHEATING | Godcheating",CHEAT,0,,
command,cheater,missing,src/cmd/interp.c:3200,,,2,Eat | Rules,Cheer | CHEAT | Healer
command,chi,ambiguous,src/cmd/interp.c:3308,ACHIEVEMENTS | CHI PURGE | Chill | Chill touch | Chime of the vampire | KOSTCHTCHIES CHILLING IMPLOSION | Psychic crush | Scorching Touch | SONG OF SNATCHING | WATCHING WALL,,5,Chant | CHI PURGE | Fist of Dragon | Monk Skills | Purge,
command,circle,exact,src/cmd/interp.c:3310,Circle | Spell circle,Circle,0,,
command,climb,exact,src/cmd/interp.c:3125,Climb,Climb,0,,
command,close,partial,src/cmd/interp.c:3126,OPEN CLOSE LOCK UNLOCK,,29,ASPHYXIATE | Assassin | Assisting | AURA OF REBIRTH | Battle-forger,
command,collector,missing,src/cmd/interp.c:3466,,,0,,
command,combination,partial,src/cmd/interp.c:3312,Combination attack,,14,Ack | Bard | BLADE BARRAGE | Cenobite | Charisma,
command,commands,exact,src/cmd/interp.c:3127,"Commands | GOD, COMMANDS | Godcommands | help commands | Ship commands | SHIP_COMMANDS DISEMBARK REPAIR RELOAD",Commands,0,,
command,commune,exact,src/cmd/interp.c:3363,Commune,Commune,0,,
command,conjure,ambiguous,src/cmd/interp.c:3287,Conjure air | Conjure elemental | Conjure Greater Elemental | CONJURE ICE | CONJURE VOID | Conjure Water | Conjurer | Conjurer Skills | SKILL_CONJURER,,22,Conjure air | Conjure elemental | Conjure Greater Elemental | CONJURE ICE | CONJURE VOID,
command,consent,exact,src/cmd/interp.c:3316,Consent,Consent,0,,
command,consider,exact,src/cmd/interp.c:3317,Consider,Consider,0,,
command,construct,exact,src/cmd/interp.c:3166,Construct,Construct,0,,
command,consume,partial,src/cmd/interp.c:3427,CONSUME CORPSE,,8,Abominal Consumption | CONSUME CORPSE | Elemental Aura | FLAME SPHERE | Quaff,
command,cover,missing,src/cmd/interp.c:3254,,,7,Bury | Earthen Tomb | Grease | kingdoms | Pass without trace,Coder | Love
command,craft,exact,src/cmd/interp.c:3260,chaos craft pouch | Craft | CRAFTING,Craft,0,,
command,credits,exact,src/cmd/interp.c:3128,Credits,Credits,0,,
command,ctf,missing,src/cmd/interp.c:3452,,,0,,
command,deathsdoor,missing,src/cmd/interp.c:3277,,,0,,Deathlord | DEATHOBJ | Death
command,deforest,missing,src/cmd/interp.c:3364,,,1,Rest,Forget | FORRESTAL | Rest
command,deposit,partial,src/cmd/interp.c:3129,EXCHANGE BANKS BALANCE DEPOSIT WITHDRAW,,12,Bank | Commands | Construct | Exchange | EXCHANGE BANKS BALANCE DEPOSIT WITHDRAW,
command,descend,exact,src/cmd/interp.c:3104,Descend,Descend,0,,
command,destroy,partial,src/cmd/interp.c:3345,Destroy Undead,,22,Avenger Skills | Bandage | Celestia | Cleric Skills | Comet,
command,dice,partial,src/cmd/interp.c:3116,Song of cowardice,,6,Artifact_orbofthesea | Backstab | Damroll | Hellfire | kingdoms,
command,dig,exact,src/cmd/interp.c:3130,Dig,Dig,0,,
command,dirttoss,exact,src/cmd/interp.c:3325,Dirttoss | DIRTTOSS TOSS,Dirttoss,0,,
command,disappear,exact,src/cmd/interp.c:3114,Disappear | Innate disappear,Disappear,0,,
command,disarm,exact,src/cmd/interp.c:3318,Disarm,Disarm,0,,
command,disband,exact,src/cmd/interp.c:3319,Disband,Disband,0,,
command,disengage,exact,src/cmd/interp.c:3320,Disengage,Disengage,0,,
command,disguise,exact,src/cmd/interp.c:3137,Disguise,Disguise,0,,
command,dismiss,missing,src/cmd/interp.c:3113,,,1,Pets,Disguise
command,dismount,partial,src/cmd/interp.c:3321,MOUNT RIDE DISMOUNT BUCK,,2,Mount | MOUNT RIDE DISMOUNT BUCK,
command,display,exact,src/cmd/interp.c:3322,Display,Display,0,,
command,divineclaim,missing,src/cmd/interp.c:3174,,,0,,
command,do,ambiguous,src/cmd/interp.c:3138,"ARMAGEDDON | Army of Armageddon | Baladors Protection | Creeping doom | Dimension Door | Docks | Dodge | Doom Blade | Doomlure | Doorbash | Doorkick | Double Attack | Double headbutt | Double Strike | DRACONIC CRESCENDO | Draconiccrescendo | EPIC WISDOM | FREEDOM OF MOVEMENT | GOD, PARDON | Godpardon | Indomitability | INDOMITABLE RAGE | KINGDOM | kingdoms | Mandolin | NORTH SOUTH EAST WEST UP DOWN SOUTHWEST SOUTHEAST NORTHWEST NORTHEAST | Outdoor Sneak | Outdoorsneak | Raise shadow | RANDOBJ | RANDOM ""RANDOM EQUIMENT"" ""RANDOM MOB"" ""RANDOM ZONE"" | Random Equipment | Random zones | Shadow | SHADOW ARCHERY | Shadow Aura | Shadow Beast | Shadow Gate | Shadow Merging | Shadow Monster | SHADOW MOVEMENT | SHADOW PROJECTION | Shadow shield | Shadow Spawn | Shadow Travel | Shadow Vision | Shadowmage | SHADOWSTEP | SHUTDOW | SHUTDOWN | WISDOM",,143,ACHIEVEMENTS | Aid | Amaze | Artifact | Ask,
command,donate,missing,src/cmd/interp.c:3140,,,0,,Detonate | Desolate | Innate
command,doorbash,exact,src/cmd/interp.c:3141,Doorbash,Doorbash,0,,
command,doorkick,exact,src/cmd/interp.c:3142,Doorkick,Doorkick,0,,
command,down,ambiguous,src/cmd/interp.c:3143,NORTH SOUTH EAST WEST UP DOWN SOUTHWEST SOUTHEAST NORTHWEST NORTHEAST | SHUTDOWN,,101,ACID RAIN | Air magus | ANIMAE CICATRIX | Apocalypse | ARC,
command,drag,exact,src/cmd/interp.c:3145,Drag | Dragon | DRAGON BREATH | DRAGON DISCIPLE | DRAGON PUNCH | DRAGON ROAR | DRAGON STRIKE | Dragonpunch | Dragoon | Dragoon Skills | Fist of Dragon | Mind of dragon | Red dragon | SKILL_DRAGOON | Song of Dragons | WINDRAGE,Drag,0,,
command,dragonbreath,missing,src/cmd/interp.c:3440,,,0,,DRAGON BREATH | DRAGON ROAR | Dragon
command,dragonpunch,exact,src/cmd/interp.c:3324,Dragonpunch,Dragonpunch,0,,
command,dragonroar,missing,src/cmd/interp.c:3439,,,0,,DRAGON ROAR | Dragon | Dragoon
command,dragonstrike,missing,src/cmd/interp.c:3441,,,0,,DRAGON STRIKE | VAPOR STRIKE | Dragon
command,drain,ambiguous,src/cmd/interp.c:3146,DRAIN NATURE | Energy Drain,,28,Anti-Paladin | Anti-paladin Skills | Blighter | Blighter Skills | BLOOD REAVER,
command,dreadnaught,exact,src/cmd/interp.c:3295,DREADNAUGHT,DREADNAUGHT,0,,
command,drink,exact,src/cmd/interp.c:3147,Drink | EAT DRINK SIP TASTE,Drink,0,,
command,drop,exact,src/cmd/interp.c:3326,Drop,Drop,0,,
command,dummy,missing,src/cmd/interp.c:3467,,,0,,Mummify
command,east,ambiguous,src/cmd/interp.c:3148,BEASTFORM | Beastmaster | Greater summon beast | NORTH SOUTH EAST WEST UP DOWN SOUTHWEST SOUTHEAST NORTHWEST NORTHEAST | Shadow Beast | SUMMON BEAST,,15,"Ashrumite | Brief Mode | Charing | CHARING ""CITY OF ELVES"" | Commands",
command,eat,exact,src/cmd/interp.c:3149,"Breathe | BREATHE ""INNATE BREATHE"" | Breathe frost | CHEAT | Conjure Greater Elemental | Control Weather | Create dracolich | CREATE FOOD | Create Golem | Create greater dracolich | CREATE POND | Create Sound | Create Spring | CREATE WATER | Death | Death Blessing | DEATH CORPSE DYING | Death Field | Death Knight | Deathknight | Deathlord | DEATHOBJ | DRAGON BREATH | Eat | EAT DRINK SIP TASTE | Embrace Death | EXPEDITED RETREAT | EXPEDITIOUS RETREAT | Feign death | GOD, CHEATING | Godcheating | Great duris Week | Greater Earthen Grasp | Greater Ethereal Recharge | GREATER FLICKER | GREATER GUARDIAN WARD | Greater Heal Undead | GREATER LIVING STONE | Greater Mending | Greater Pythonsting | Greater Ravenflight | Greater soul disturbance | Greater Spirit Anguish | Greater Spirit Sight | Greater Spirit Ward | Greater summon beast | GREATER SUSTENANCE | Hand of Death | Minor creation | Potion of Greater Living Stone | Repeat | Retreat | UNDEATH TO DEATH | VOICE OF CREATION | WATER BREATHING | WATERBREATH | WEATHER",Eat,0,,
command,emote,exact,src/cmd/interp.c:3150,"DEMOTE | Emote | GOD, DEMOTE | Goddemote",Emote,0,,
command,empty,missing,src/cmd/interp.c:3211,,,15,"AERIAL CASTING | Construct | Forget | Gaze | GOD, PURGE",
command,enchant,exact,src/cmd/interp.c:3273,Enchant | ENCHANT ARROWS | Enchant Weapon | Enchanter | WEAPON ENCHANTMENT,Enchant,0,,
command,encrust,exact,src/cmd/interp.c:3261,Encrust,Encrust,0,,
command,enhance,ambiguous,src/cmd/interp.c:3105,Enhance Agility | Enhance Armor | Enhance Constitution | Enhance Dexterity | Enhance Strength,,41,Agility | Anatomy | Armor | Armor Class | Attributes,
command,enter,exact,src/cmd/interp.c:3152,Enter,Enter,0,,
command,epic,exact,src/cmd/interp.c:3177,Epic | EPIC AGILITY | Epic charisma | EPIC CONSTITUTION | EPIC DEXTERITY | EPIC INTELLIGENCE | EPIC LUCK | EPIC POWER | Epic skills | EPIC STRENGTH | Epic trophy | EPIC WARDING FAITH | EPIC WISDOM,Epic,0,,
command,equipment,exact,src/cmd/interp.c:3327,Equipment | NAMED EQUIPMENT | Random Equipment,Equipment,0,,
command,examine,exact,src/cmd/interp.c:3153,Examine,Examine,0,,
command,exhume,exact,src/cmd/interp.c:3135,Exhume,Exhume,0,,
command,exits,exact,src/cmd/interp.c:3328,Exits,Exits,0,,
command,exp,ambiguous,src/cmd/interp.c:3154,EXPEDITED RETREAT | EXPEDITIOUS RETREAT | Experience | EXPERIENCE XP EXP LEVELS | EXPERT PARRY | EXPERT RIPOSTE | Potion of Explosives,,30,Army of Armageddon | Attribute | Avarne | Braddistock manor | Bullywug Village,
command,expkkk,missing,src/cmd/interp.c:3155,,,0,,
command,fade,exact,src/cmd/interp.c:3136,FADE,FADE,0,,
command,faq,exact,src/cmd/interp.c:3159,faq,faq,0,,
command,feigndeath,missing,src/cmd/interp.c:3329,,,0,,Feign death | Lend Health | Death
command,fill,exact,src/cmd/interp.c:3160,Fill,Fill,0,,
command,fire,exact,src/cmd/interp.c:3161,Elemental Plane of Fire | Faerie Fire | Fire | Fire Aura | Fire magus | Fire Ward | Fireball | FIRELANCE | Fireshield | Firestorm | Hellfire | NIVARDS WICKED FIREBRAND | Potion of Faerie Fire | Protection From Fire,Fire,0,,
command,firstaid,missing,src/cmd/interp.c:3163,,,0,,First Aid | Raid | Fireshield
command,fish,ambiguous,src/cmd/interp.c:3132,Fishing | Fishing pole,,3,Fishing | Fishing pole | Kuo toa,
command,fix,exact,src/cmd/interp.c:3263,Fix,Fix,0,,
command,flank,exact,src/cmd/interp.c:3330,Flank,Flank,0,,
command,flee,exact,src/cmd/interp.c:3331,CONTROL FLEE | Flee | Improved Flee,Flee,0,,
command,focus,ambiguous,src/cmd/interp.c:3450,Spacial Focus | SPATIAL FOCUS,,36,Bard | Berserker | Boiling blood | Caster | Chant,
command,follow,exact,src/cmd/interp.c:3332,Follow | Follow-Up Riposte | ORDER FOLLOWERS | Sense Follower,Follow,0,,
command,forage,exact,src/cmd/interp.c:3165,Forage,Forage,0,,
command,forge,exact,src/cmd/interp.c:3133,Battle-forger | Forge | FORGE FORGING | Forget | MEMORIZE PRAY FORGET | Song of Forgetfulness,Forge,0,,
command,forget,exact,src/cmd/interp.c:3333,Forget | MEMORIZE PRAY FORGET | Song of Forgetfulness,Forget,0,,
command,fraglist,missing,src/cmd/interp.c:3170,,,2,Frag | REDIS,RLIST | Frags | List
command,free,ambiguous,src/cmd/interp.c:3334,"FREEDOM OF MOVEMENT | FREEZE | GOD, FREEZE | Godfreeze",,29,ACHIEVEMENTS | Bind | CHARM PERSON | CURSED ARROWS | DRAGON BREATH,
command,garrote,exact,src/cmd/interp.c:3311,GARROTE,GARROTE,0,,
command,gather,missing,src/cmd/interp.c:3275,,,8,French | GREATER GUARDIAN WARD | Immortals | IMMORTALS GODS | Ingredients,Gate | WEATHER | WITHER
command,gaze,exact,src/cmd/interp.c:3335,Gaze,Gaze,0,,
command,gcc,exact,src/cmd/interp.c:3084,Gcc,Gcc,0,,
command,get,exact,src/cmd/interp.c:3336,Forget | Get | GET TAKE | MEMORIZE PRAY FORGET | Song of Forgetfulness,Get,0,,
command,give,exact,src/cmd/interp.c:3337,Give | GIVEPET,Give,0,,
command,glance,exact,src/cmd/interp.c:3338,Glance,Glance,0,,
command,gmotd,exact,src/cmd/interp.c:3195,Gmotd,Gmotd,0,,
command,grab,partial,src/cmd/interp.c:3339,GRAB HOLD,,14,Capture | Commands | Dirttoss | DIRTTOSS TOSS | GRAB HOLD,
command,groundslam,exact,src/cmd/interp.c:3436,GROUNDSLAM,GROUNDSLAM,0,,
command,group,exact,src/cmd/interp.c:3340,"Group | Group Globe of Invulnerability | GROUP HASTE | Group heal | Group Recall | Group Stone Skin | Group stornogs spheres | GROUP TELEPORT | NEW-COMBAT ""NEW COMBAT"" ""GROUP RANKS"" RANKS ""FRONT RANK"" ""BACK RANK"" | TOGGLE_GROUP NEEDED",Group,0,,
command,gsay,exact,src/cmd/interp.c:3342,Gsay,Gsay,0,,
command,guard,exact,src/cmd/interp.c:3299,Blackguard | GREATER GUARDIAN WARD | Guard | Guardian | GUARDIAN SPIRITS | GUARDIAN WARD | Highlord Guardian | LESSER GUARDIAN WARD,Guard,0,,
command,guildhall,exact,src/cmd/interp.c:3167,Guildhall | GUILDHALLS,Guildhall,0,,
command,hamstring,exact,src/cmd/interp.c:3421,Hamstring,Hamstring,0,,
command,hardcore,exact,src/cmd/interp.c:3171,Hardcore,Hardcore,0,,
command,headbutt,exact,src/cmd/interp.c:3343,AREA HEADBUTT | Double headbutt | Headbutt,Headbutt,0,,
command,headlock,exact,src/cmd/interp.c:3435,HEADLOCK,HEADLOCK,0,,
command,help,exact,src/cmd/interp.c:3181,"GOD, WIZHELP | Godwizhelp | Help | help advanced | help commands | WIZHELP",Help,0,,
command,hide,exact,src/cmd/interp.c:3182,Hide,Hide,0,,
command,hit,exact,src/cmd/interp.c:3344,Hit | Hitall | Hitpoints | Hitroll | KILL HIT MURDER | WHITELIST,Hit,0,,
command,hitall,exact,src/cmd/interp.c:3346,Hitall,Hitall,0,,
command,hitch,missing,src/cmd/interp.c:3183,,,0,,WHICH | Hit | SWITCH
command,hold,exact,src/cmd/interp.c:3350,Githzerai stronghold | GRAB HOLD | Hold,Hold,0,,
command,home,exact,src/cmd/interp.c:3158,"Divine Home | GOD, SETHOME | Godsethome | Home | Hometown | HOMETOWN HOMETOWNS | SETHOME",Home,0,,
command,idea,exact,src/cmd/interp.c:3351,BUG IDEA TYPO | Idea,Idea,0,,
command,ignore,exact,src/cmd/interp.c:3352,Ignore,Ignore,0,,
command,info,ambiguous,src/cmd/interp.c:3184,Auction Info | Duris Information | TOGGLE_WEBINFO,,13,Auction | Auction Info | Craft | FINGER | Forge,
command,infuriate,exact,src/cmd/interp.c:3429,INFURIATE,INFURIATE,0,,
command,infuse,ambiguous,src/cmd/interp.c:3274,INFUSE LIFE | INFUSE MAGICAL DEVICE,,26,ARMAGEDDON | Bard | Blighter | CEGILUNES SEARING BLADE | Cleric,
command,innate,exact,src/cmd/interp.c:3353,"BREATHE ""INNATE BREATHE"" | FLURRY ""INNATE FLURRY"" | Innate | Innate disappear | Innate horse body",Innate,0,,
command,insult,exact,src/cmd/interp.c:3354,Insult,Insult,0,,
command,introduce,exact,src/cmd/interp.c:3269,INTRODUCE,INTRODUCE,0,,
command,inventory,exact,src/cmd/interp.c:3355,Inventory,Inventory,0,,
command,itemmana,missing,src/cmd/interp.c:3464,,,0,,Vitalize Mana | Mana
command,jchat,missing,src/cmd/interp.c:3091,,,0,,Nchat | CHEAT | Chant
command,junk,missing,src/cmd/interp.c:3074,,,0,,Jk
command,kick,exact,src/cmd/interp.c:3356,Doorkick | Kick | Roundkick,Kick,0,,
command,kill,exact,src/cmd/interp.c:3357,Alchemist Skills | Anti-paladin Skills | Assassin Skills | Avenger Skills | Bard Skills | Berserker Skills | Blighter Skills | Cleric Skills | Conjurer Skills | Dragoon Skills | Dreadlord Skills | Druid Skills | Epic skills | Ethermancer Skills | Illusionist Skills | Instant Kill | Kill | KILL HIT MURDER | Mercenary Skills | MindFlayer Skills | Monk Skills | Necromancer Skills | Paladin Skills | Pkill | Power word kill | Psionicist Skills | RACEWARS PKILL PLAYERKILL | Ranger Skills | Reaver Skills | Rogue Skills | Shaman Skills | Skill | SKILL_ALCHEMIST | SKILL_ANTI-PALADIN | SKILL_ASSASSIN | SKILL_AVENGER | SKILL_BARD | SKILL_BERSERKER | SKILL_BLIGHTER | SKILL_CLERIC | SKILL_CONJURER | SKILL_DRAGOON | SKILL_DREADLORD | SKILL_DRUID | SKILL_ETHERMANCER | SKILL_ILLUSIONIST | SKILL_MERCENARY | SKILL_MINDFLAYER | SKILL_MONK | SKILL_NECROMANCER | SKILL_PALADIN | SKILL_PIPER | SKILL_PSIONICIST | SKILL_RANGER | SKILL_REAVER | SKILL_ROGUE | SKILL_SHAMAN | SKILL_SORCERER | SKILL_SUMMONER | SKILL_THEURGIST | SKILL_THIEF | SKILL_WARLOCK | SKILL_WARRIOR | Skillpiper | Skills | Sorcerer Skills | Summoner Skills | Theurgist Skills | Thief Skills | Warlock Skills | Warrior Skills,Kill,0,,
command,kingdom,exact,src/cmd/interp.c:3462,KINGDOM | kingdoms,KINGDOM,0,,
command,kneel,exact,src/cmd/interp.c:3358,Kneel | WAKE REST SIT STAND KNEEL RECLINE ALERT,Kneel,0,,
command,layhand,missing,src/cmd/interp.c:3359,,,0,,Lay hands
command,leaderboard,exact,src/cmd/interp.c:3172,LEADERBOARD,LEADERBOARD,0,,
command,leglock,exact,src/cmd/interp.c:3437,LEGLOCK,LEGLOCK,0,,
command,legsweep,exact,src/cmd/interp.c:3349,LEGSWEEP,LEGSWEEP,0,,
command,lick,exact,src/cmd/interp.c:3099,Flicker | GREATER FLICKER | Lick,Lick,0,,
command,listen,exact,src/cmd/interp.c:3185,IMPROVED LISTEN | Listen,Listen,0,,
command,lock,exact,src/cmd/interp.c:3186,"Arcane block | ARMLOCK | GOD, WIZLOCK | Godwizlock | HEADLOCK | LEGLOCK | Lock | Locker | LOCKER STORAGE | Memory block | OPEN CLOSE LOCK UNLOCK | PETITION_BLOCK | Pick Lock | PICK LOCKS | Shield Block | SKILL_WARLOCK | Warlock | Warlock Skills | WIZLOCK",Lock,0,,
command,look,exact,src/cmd/interp.c:3360,"GOD, LOOKUP | Godlookup | Look | LOOKUP | Ship looks | SHIP_LOOKS",Look,0,,
command,lore,exact,src/cmd/interp.c:3259,ITEM LORE | Legend Lore | Lore,Lore,0,,
command,lotus,missing,src/cmd/interp.c:3190,,,0,,Lost | Loot
command,mail,missing,src/cmd/interp.c:3187,,,3,Blighter | Dragoon | Warrior,WAIL | MAUL | Smile
command,make,ambiguous,src/cmd/interp.c:3144,MAKEEXIT | MAKEGUIDE,,90,Aggr | AGGR AGGRESSIVE | Alchemist | Alignment | Armor Class,
command,mapglyphs,missing,src/cmd/interp.c:3189,,,0,,
command,maul,exact,src/cmd/interp.c:3424,Earthen Maul | MAUL | Mauler,MAUL,0,,
command,meditate,exact,src/cmd/interp.c:3191,Meditate,Meditate,0,,
command,memorize,exact,src/cmd/interp.c:3361,Memorize | MEMORIZE PRAY FORGET,Memorize,0,,
command,mine,exact,src/cmd/interp.c:3131,Examine | Mine,Mine,0,,
command,mixpoison,exact,src/cmd/interp.c:3279,MIXPOISON,MIXPOISON,0,,
command,more,missing,src/cmd/interp.c:3192,,,409,Accuse | Ack | Adrenaline Control | Agree | Alignment,Ogre | Lore | Snore
command,motd,exact,src/cmd/interp.c:3194,Gmotd | Motd,Motd,0,,
command,mount,exact,src/cmd/interp.c:3197,Mount | Mount Banishment Guides | MOUNT RIDE DISMOUNT BUCK | Mountain dwarf | Mounted combat | SUMMON MOUNT,Mount,0,,
command,mug,exact,src/cmd/interp.c:3432,MUG,MUG,0,,
command,multiclass,exact,src/cmd/interp.c:3267,Multiclass,Multiclass,0,,
command,murder,partial,src/cmd/interp.c:3366,KILL HIT MURDER,,8,Aggr | AGGR AGGRESSIVE | Assassin | GARROTE | Hit,
command,namedreport,exact,src/cmd/interp.c:3438,NAMEDREPORT,NAMEDREPORT,0,,
command,nchat,exact,src/cmd/interp.c:3090,Nchat | TOGGLE_NCHAT,Nchat,0,,
command,ne,ambiguous,src/cmd/interp.c:3198,"Adrenaline Control | Alter Energy Polarity | Aravne guides | Arcane block | Arcane Riposte | Arcane Whirlwind | Astral plane | ATONEMENT | Avarne | Awareness | Blindness | Blood to stone | BLOODSTONE | CEGILUNES SEARING BLADE | Channel | Channel Negative Energy | Channeler | CLONE | Clone form | Commune | Cone of Cold | Cyclone | Darkness | DECLINE | Dirge of Bones | Divine Blessing | DIVINE FONT | DIVINE FURY | Divine Home | DIVINE POWER | Divine Warding | Divine/Cerberus pits Guides | Divinefury | EDICTUM CINERIS | Elemental Plane of Air | Elemental Plane of Earth | Elemental Plane of Fire | Elemental Plane of Water | Energy containment | Energy Drain | ENERVATION | Ethereal Plane | Examine | Funereal Hymn | Globe of Darkness | Globe of Invulnerability | GOD, CLONE | Godclone | GREATER LIVING STONE | Group Globe of Invulnerability | Group Stone Skin | Hone weapon | Hurricane | IGNEUS VITAE | Inertial Barrier | Invoke Negative Energy | IOUN STONES | Kneel | LANCEA CINERALAE | LIVING STONE | Lodestone vision | Mine | Minor Globe of Invulnerability | Moonstone | MORDENKAINENS LUCUBRATION | MUNDANE LIFE | Mundanelife | Neckbite | Necrolyte | Necromancer | Necromancer Skills | Negative Concussion Blast | Negative Energy Barrier | Negative Energy Vortex | NEGATIVE FEEDBACK BARRIER | Neth_Guides' | Nether Gate | Nether Touch | Neutral point of view | New Player Guides | NEW-COMBAT ""NEW COMBAT"" ""GROUP RANKS"" RANKS ""FRONT RANK"" ""BACK RANK"" | Newbie | NEWBIE (IMMORTAL) | Newbie guides | NEWBSA | NEWBSU | NEWCHAR | Newhaven | Newhaven Guides | News | Nonexistence | OBTENEBRATION | OFFLINEMSG | Outdoor Sneak | Outdoorsneak | Pine hollows | Plane shift | Planetary alignment | Planetbound Illithid | Potion of Greater Living Stone | Potion of Living Stone | Potion of Slowness | PYROKINESES | Pyrokinesis | Pyrokinetic | RANDOM ""RANDOM EQUIMENT"" ""RANDOM MOB"" ""RANDOM ZONE"" | Random zones | Recline | REFINE | Regenerate | Regeneration | REPAIR ONE ITEM | Runestone | Sense Holiness | Sense Weakness | Shrewtameness | SIGILLUM NEGATI | SKILL_NECROMANCER | SKILL_SUMMONER | SLASHING DARKNESS | Slowness | Sneak | SNEAKY STRIKE | Sneer | Sneeze | Song of Forgetfulness | SPELL PENETRATION | SQUERRIKS SNEAKY WAYS | STONE SKIN | Summoner | Summoner Skills | SWITCH OPPONENTS | TOGGLE_GROUP NEEDED | TOGGLE_HINT CHANNEL | TOUGHNESS | TRANSFER WELLNESS | UD-SNEAK ""UD SNEAK"" | VINES | WAKE REST SIT STAND KNEEL RECLINE ALERT | WALL OF BONES | WALL OF STONE | WELLNESS | WIND TUNNEL | WIZCONNECT | ZONE GOD | ZONES",,3,North | NORTH SOUTH EAST WEST UP DOWN SOUTHWEST SOUTHEAST NORTHWEST NORTHEAST | Ship commands,
command,neckbite,exact,src/cmd/interp.c:3367,Neckbite,Neckbite,0,,
command,news,exact,src/cmd/interp.c:3199,News,News,0,,
command,nexus,missing,src/cmd/interp.c:3178,,,1,Nova,News
command,north,exact,src/cmd/interp.c:3201,North | NORTH SOUTH EAST WEST UP DOWN SOUTHWEST SOUTHEAST NORTHWEST NORTHEAST,North,0,,
command,northeast,partial,src/cmd/interp.c:3203,NORTH SOUTH EAST WEST UP DOWN SOUTHWEST SOUTHEAST NORTHWEST NORTHEAST,,1,Construct,
command,northwest,partial,src/cmd/interp.c:3202,NORTH SOUTH EAST WEST UP DOWN SOUTHWEST SOUTHEAST NORTHWEST NORTHEAST,,1,Construct,
command,nw,ambiguous,src/cmd/interp.c:3204,IRONWOOD | Moonwell,,4,Ferries | North | NORTH SOUTH EAST WEST UP DOWN SOUTHWEST SOUTHEAST NORTHWEST NORTHEAST | Ship commands,
command,offensive,missing,src/cmd/interp.c:3449,,,35,Alchemist | Blink | Cast | Cleric | Conjurer,Offense
command,ogreroar,exact,src/cmd/interp.c:3368,Ogreroar,Ogreroar,0,,
command,open,exact,src/cmd/interp.c:3369,Open | OPEN CLOSE LOCK UNLOCK,Open,0,,
command,order,exact,src/cmd/interp.c:3370,Battle orders | Order | ORDER FOLLOWERS,Order,0,,
command,outpost,missing,src/cmd/interp.c:3448,,,3,GUILDHALLS | KINGDOM | kingdoms,Outcast
command,parlay,exact,src/cmd/interp.c:3297,Parlay,Parlay,0,,
command,petition,exact,src/cmd/interp.c:3371,Petition | PETITION_BLOCK | TOGGLE_PETITION,Petition,0,,
command,pick,ambiguous,src/cmd/interp.c:3205,Auction Pickup | Pick Lock | PICK LOCKS,,25,Assassin Skills | Auction Pickup | Drop | hints | Lock,
command,play,exact,src/cmd/interp.c:3206,"Display | MULTI-PLAYING MULTIPLAYING MULTI | Multiplay | Multiplaying | New Player Guides | Nonplayercharacter | NPC ""NON PLAYER CHARACTER"" | Play | PLAYER CHARACTER | Playercharacter | RACEWARS PKILL PLAYERKILL",Play,0,,
command,poll,missing,src/cmd/interp.c:3468,,,0,,Roll | Pull | Troll
command,pose,exact,src/cmd/interp.c:3207,Pose,Pose,0,,
command,pour,exact,src/cmd/interp.c:3372,Pour,Pour,0,,
command,practice,exact,src/cmd/interp.c:3208,Practice,Practice,0,,
command,practise,missing,src/cmd/interp.c:3209,,,0,,Practice | Raise | Appraise
command,pray,exact,src/cmd/interp.c:3373,Color Spray | MEMORIZE PRAY FORGET | Molten spray | Pray | PRAYER | Prismatic Spray,Pray,0,,
command,prestige,exact,src/cmd/interp.c:3444,PRESTIGE,PRESTIGE,0,,
command,project,exact,src/cmd/interp.c:3365,Project | SHADOW PROJECTION,Project,0,,
command,projects,missing,src/cmd/interp.c:3157,,,0,,Project | Map Objects | PROTECT SOUL
command,protocol,missing,src/cmd/interp.c:3068,,,0,,PROTECT SOUL | PROCLIB
command,put,exact,src/cmd/interp.c:3210,Put,Put,0,,
command,quaff,exact,src/cmd/interp.c:3375,Quaff | QUAFF POTIONS,Quaff,0,,
command,quest,exact,src/cmd/interp.c:3044,Highmoors forest/hexagon quest Guides | Old Quest | Quest | QUESTWHERE,Quest,0,,
command,qui,ambiguous,src/cmd/interp.c:3212,"EQUIP SORT | Equipment | NAMED EQUIPMENT | Quick Chant | QUICK STEP | Quit | Quivering Palm | RANDOM ""RANDOM EQUIMENT"" ""RANDOM MOB"" ""RANDOM ZONE"" | Random Equipment | Requiem of the Crypts | TRANQUILITY | TRANQUILIZE",,0,,
command,quit,exact,src/cmd/interp.c:3075,Quit,Quit,0,,
command,rage,exact,src/cmd/interp.c:3423,BLADE BARRAGE | Enrage | Forage | INDOMITABLE RAGE | Lionrage | LOCKER STORAGE | MIRAGE | RAGE | Ragelord | Solbeeps Missile Barrage | STORAGE | WINDRAGE,RAGE,0,,
command,raid,exact,src/cmd/interp.c:3112,Raid,Raid,0,,
command,rampage,exact,src/cmd/interp.c:3428,RAMPAGE,RAMPAGE,0,,
command,read,exact,src/cmd/interp.c:3213,Dread blade | Dread Wave | DREAD WRATH | Dreadlord | Dreadlord Skills | DREADNAUGHT | Read | READ BOARD | Ready | SKILL_DREADLORD,Read,0,,
command,recall,exact,src/cmd/interp.c:3193,Group Recall | Recall | WORD OF RECALL,Recall,0,,
command,recite,exact,src/cmd/interp.c:3214,Recite | RECITE SCROLLS,Recite,0,,
command,recline,exact,src/cmd/interp.c:3376,Recline | WAKE REST SIT STAND KNEEL RECLINE ALERT,Recline,0,,
command,refine,exact,src/cmd/interp.c:3175,REFINE,REFINE,0,,
command,relic,missing,src/cmd/interp.c:3176,,,1,SIMULACRUM ANGUIS,Recline | Raise Lich | Lick
command,reload,ambiguous,src/cmd/interp.c:3215,Rareload | SHIP_COMMANDS DISEMBARK REPAIR RELOAD,,6,PROPERTIES | Ship commands | Ship list | SHIP_COMBAT SHIP_BATTLE | SHIP_COMMANDS DISEMBARK REPAIR RELOAD,
command,remort,exact,src/cmd/interp.c:3106,Remort | REMORT ASCEND,Remort,0,,
command,remove,exact,src/cmd/interp.c:3377,Remove | Remove Curse | Remove Poison | TRAPREMOVE,Remove,0,,
command,reply,missing,src/cmd/interp.c:3098,,,6,"Ask | Follow-Up Riposte | GOD, PTELL | Godptell | PTELL",Play
command,report,ambiguous,src/cmd/interp.c:3378,MREPORT | NAMEDREPORT,,14,"Bug | BUG IDEA TYPO | CHEAT | faq | GOD, INROOM",
command,rescue,exact,src/cmd/interp.c:3379,Rescue | RESCUE ALL | Rescueall,Rescue,0,,
command,rest,exact,src/cmd/interp.c:3216,"Awaken Forest | Firestorm | Forest druid | FORRESTAL | GOD, RESTORE | Godrestore | Highmoors forest/hexagon quest Guides | Mir Forest Guides | PRESTIGE | Rest | RESTED | RESTORATION | RESTORE | RESTORE SPIRIT | RESTRAIN | WAKE REST SIT STAND KNEEL RECLINE ALERT",Rest,0,,
command,restrain,exact,src/cmd/interp.c:3425,RESTRAIN,RESTRAIN,0,,
command,retreat,exact,src/cmd/interp.c:3381,EXPEDITED RETREAT | EXPEDITIOUS RETREAT | Retreat,Retreat,0,,
command,return,ambiguous,src/cmd/interp.c:3382,Labyrinth of no return Guides | RETURN SOUL,,35,AURA OF REBIRTH | CONSUME CORPSE | Corpse | Cr | CURSED ARROWS,
command,ride,ambiguous,src/cmd/interp.c:3217,Demonic rider | Drider | MOUNT RIDE DISMOUNT BUCK,,10,"CALL TITAN | Centaur | Ferries | GOD, PARTICIPATION | Godparticipation",
command,riff,exact,src/cmd/interp.c:3426,RIFF,RIFF,0,,
command,roundkick,exact,src/cmd/interp.c:3420,Roundkick,Roundkick,0,,
command,rub,exact,src/cmd/interp.c:3383,Rub,Rub,0,,
command,rules,exact,src/cmd/interp.c:3218,LAWS RULES | Rules,Rules,0,,
command,rush,exact,src/cmd/interp.c:3380,Bigbys Crushing Hand | Psychic crush | RUSH | THROAT CRUSH,RUSH,0,,
command,rwc,exact,src/cmd/interp.c:3097,RWC,RWC,0,,
command,salvage,exact,src/cmd/interp.c:3219,SALVAGE,SALVAGE,0,,
command,salvation,missing,src/cmd/interp.c:3289,,,0,,Specialization | Social actions | Specializations
command,save,exact,src/cmd/interp.c:3384,Save | Save Log | TOGGLE_SAVE NOTIFY,Save,0,,
command,say,exact,src/cmd/interp.c:3385,Gsay | Say | SAY TELL WHISPER ASK,Say,0,,
command,scan,exact,src/cmd/interp.c:3220,Scan,Scan,0,,
command,scent,ambiguous,src/cmd/interp.c:3387,BLOOD SCENT | Scent of the Bloodhound,,8,Animalist | Barbarian | BLOOD SCENT | Deathlord | SANGUINIS IGNIS,
command,score,exact,src/cmd/interp.c:3389,Score | SCORE ATTRIBUTES,Score,0,,
command,scribe,exact,src/cmd/interp.c:3221,Scribe | SCRIBE MASTERY,Scribe,0,,
command,se,ambiguous,src/cmd/interp.c:3222,"Accuse | Age Corpse | Apocalypse | Appraise | Artifact_orbofthesea | Battle senses | Berserk | Berserker | Berserker Skills | BUY SELL | Cause Critical | Cause light | Cause Serious | CEGILUNES SEARING BLADE | Classes | COMPACT CORPSE | Confuse | Consecrate Land | Consent | CONSUME CORPSE | Corpse | CORPSE PORTAL | Corpseform | Cure Disease | Cure Serious | Curse | CURSE OF YZAR | CURSED ARROWS | Curtsey | CUTPURSE | DEATH CORPSE DYING | DEPRESSED EARTH | DESECRATE LAND | Disease | Disembark | Disengage | Disguise | Disperse Flames | Essence of the Wolf | Ether Sense | Farsee | Gaseous Cloud | GOD, RELEASE | GOD, SECRET | GOD, SETATTR | GOD, SETBIT | GOD, SETHOME | GOD, SUPERVISE | GOD, USERS | Godrelease | Godsecret | Godsetattr | Godsetbit | Godsethome | Godusers | Goose | Grease | Harpy settlement | INFUSE LIFE | INFUSE MAGICAL DEVICE | Innate horse body | Insects | LESSER GUARDIAN WARD | Lesser Mending | Lesser resurrect | Lesser Sanctuary | Magic User | MAGIC-USER | Mass Preserve | Mousestrength | Multi-user dungeon | Nose | Offense | OPEN CLOSE LOCK UNLOCK | PACTUM SERPENTIS | Pbase 2006 | Pose | Potion of Grease | Preserve | PYROKINESES | Raise | Raise Lich | Raise shadow | Raise Skeleton | Raise Spectre | Raise Vampire | Raise Wraith | Raise Zombie | Reimbursement | RELEASE | Remove Curse | RESETARTI | RESETSPEC | Reveal Spirit Essence | Rose | s_Wayhouse' | Search | SECRET | Seduce | SELF COMPREHENSION | Selfcomprehension | Sell | Sense Follower | Sense Holiness | Sense life | Sense Spirit | Sense Weakness | Serendipity | SETATTR | SETBIT | SETHOME | SHIP_COMMANDS DISEMBARK REPAIR RELOAD | SKILL_BERSERKER | SUMMON INSECTS | SUPERVISE | SURPRISE | TOGGLE_TERSE | TRAPSET | TRUE SEEING | USE WANDS STAFF STAVES | USERS | VIGORIZE SERIOUS | ZRESET",,4,Duris edit | North | NORTH SOUTH EAST WEST UP DOWN SOUTHWEST SOUTHEAST NORTHWEST NORTHEAST | Ship commands,
command,search,exact,src/cmd/interp.c:3223,Search,Search,0,,
command,shadowstep,exact,src/cmd/interp.c:3296,SHADOWSTEP,SHADOWSTEP,0,,
command,shapechange,exact,src/cmd/interp.c:3224,Shapechange | SHAPECHANGE SHAPE,Shapechange,0,,
command,shieldpunch,exact,src/cmd/interp.c:3390,Shieldpunch,Shieldpunch,0,,
command,shout,exact,src/cmd/interp.c:3391,"GOD, GSHOUT | Godgshout | GSHOUT | Shout | TOGGLE_SHOUT",Shout,0,,
command,shriek,exact,src/cmd/interp.c:3433,Shriek,Shriek,0,,
command,sip,exact,src/cmd/interp.c:3393,EAT DRINK SIP TASTE | Sip,Sip,0,,
command,sit,exact,src/cmd/interp.c:3394,EXCHANGE BANKS BALANCE DEPOSIT WITHDRAW | Sit | Sitter | WAKE REST SIT STAND KNEEL RECLINE ALERT | WEBSITE,Sit,0,,
command,skills,exact,src/cmd/interp.c:3093,Alchemist Skills | Anti-paladin Skills | Assassin Skills | Avenger Skills | Bard Skills | Berserker Skills | Blighter Skills | Cleric Skills | Conjurer Skills | Dragoon Skills | Dreadlord Skills | Druid Skills | Epic skills | Ethermancer Skills | Illusionist Skills | Mercenary Skills | MindFlayer Skills | Monk Skills | Necromancer Skills | Paladin Skills | Psionicist Skills | Ranger Skills | Reaver Skills | Rogue Skills | Shaman Skills | Skills | Sorcerer Skills | Summoner Skills | Theurgist Skills | Thief Skills | Warlock Skills | Warrior Skills,Skills,0,,
command,sleep,exact,src/cmd/interp.c:3225,Sleep | Song of Sleep,Sleep,0,,
command,slip,exact,src/cmd/interp.c:3434,SLIP,SLIP,0,,
command,smelt,exact,src/cmd/interp.c:3264,Smelt | Smelting,Smelt,0,,
command,smite,ambiguous,src/cmd/interp.c:3447,HOLY SMITE | Smite evil,,10,ARMAGEDDON | Avenger Skills | Crusader | Destroy Undead | Dread blade,
command,smoke,exact,src/cmd/interp.c:3278,Smoke,Smoke,0,,
command,sneak,exact,src/cmd/interp.c:3226,"Outdoor Sneak | Outdoorsneak | Sneak | SNEAKY STRIKE | SQUERRIKS SNEAKY WAYS | UD-SNEAK ""UD SNEAK""",Sneak,0,,
command,society,exact,src/cmd/interp.c:3251,Society | Society examples,Society,0,,
command,soulbind,exact,src/cmd/interp.c:3173,SOULBIND,SOULBIND,0,,
command,south,partial,src/cmd/interp.c:3227,NORTH SOUTH EAST WEST UP DOWN SOUTHWEST SOUTHEAST NORTHWEST NORTHEAST,,15,"Brief Mode | Charing | CHARING ""CITY OF ELVES"" | Commands | Construct",
command,southeast,partial,src/cmd/interp.c:3229,NORTH SOUTH EAST WEST UP DOWN SOUTHWEST SOUTHEAST NORTHWEST NORTHEAST,,4,"Charing | CHARING ""CITY OF ELVES"" | Construct | Sarmiz",
command,southwest,partial,src/cmd/interp.c:3228,NORTH SOUTH EAST WEST UP DOWN SOUTHWEST SOUTHEAST NORTHWEST NORTHEAST,,2,Construct | Tharnadia,
command,specialize,partial,src/cmd/interp.c:3107,SPECIALIZATIONS SPECIALIZE,,8,Cleric | Conjurer | Forest druid | New Player Guides | RANGE SPECIALIST,
command,spellbind,exact,src/cmd/interp.c:3262,Spellbind,Spellbind,0,,
command,spells,ambiguous,src/cmd/interp.c:3094,"GOD, SPELLS | Godspells",,299,Acid blast | Air magus | Alchemist | Alchemist Skills | Animal Growth,
command,spellweave,exact,src/cmd/interp.c:3305,SPELLWEAVE,SPELLWEAVE,0,,
command,split,exact,src/cmd/interp.c:3230,SPLIT,SPLIT,0,,
command,springleap,exact,src/cmd/interp.c:3395,SPRINGLEAP,SPRINGLEAP,0,,
command,squidrage,missing,src/cmd/interp.c:3862,,,0,,WINDRAGE | MIRAGE
command,stampede,missing,src/cmd/interp.c:3255,,,1,Centaur,TRAMPLE | Cramped
command,stand,partial,src/cmd/interp.c:3396,WAKE REST SIT STAND KNEEL RECLINE ALERT,,30,Alert | Battle Tactics | Bleed | BLIGHT | CLAIRVOYANCE,
command,stat,ambiguous,src/cmd/interp.c:3397,"DEVASTATING CRITICAL | GOD, STAT | Godstat | STATIC DISCHARGE | STATISTIC | STATS STATISTICS",,25,Attributes | Auction List | Barter | Berserk | Craft,
command,steal,exact,src/cmd/interp.c:3231,STEAL,STEAL,0,,
command,stomp,missing,src/cmd/interp.c:3233,,,2,Brigand | Social actions,TOLM | SETHOME
command,strike,ambiguous,src/cmd/interp.c:3431,Crippling Strike | Double Strike | DRAGON STRIKE | Flame strike | KI STRIKE | SNEAKY STRIKE | VAPOR STRIKE | VICIOUS STRIKE,,77,ANGELIC COUNTENANCE | Bard | BATTLETIDE | Berserker Skills | BLADE BARRAGE,
command,subterfuge,exact,src/cmd/interp.c:3398,SUBTERFUGE,SUBTERFUGE,0,,
command,suicide,missing,src/cmd/interp.c:3077,,,0,,Guide
command,summon,exact,src/cmd/interp.c:3085,Greater summon beast | SKILL_SUMMONER | SUMMON | SUMMON BEAST | SUMMON BLIZZARD | SUMMON BOOK | SUMMON FAMILIAR | SUMMON GHASTS | SUMMON HORDE | SUMMON INSECTS | SUMMON MOUNT | SUMMON SPIRIT | Summoner | Summoner Skills,SUMMON,0,,
command,surname,missing,src/cmd/interp.c:3404,,,0,,RENAME | Names
command,sw,ambiguous,src/cmd/interp.c:3232,"DARAGORS FLAMING SWORD | ELEMENTAL SWARM | GOD, SWITCH | Godswitch | HOLY SWORD | Ilienzes flaming sword | LEGSWEEP | Meteorswarm | Password | Swashbuckler | SWEEPING THRUST | SWIM | SWIM (IMMORTAL) | SWITCH | SWITCH OPPONENTS | SWORDSMAN | TROLL ""SWAMP TROLL""",,4,North | NORTH SOUTH EAST WEST UP DOWN SOUTHWEST SOUTHEAST NORTHWEST NORTHEAST | Savannah of Sorrow | Ship commands,
command,sweep,ambiguous,src/cmd/interp.c:3234,LEGSWEEP | SWEEPING THRUST,,4,Create dracolich | Firestorm | LEGSWEEP | Social actions,
command,sweeping thrust,exact,src/cmd/interp.c:3399,SWEEPING THRUST,SWEEPING THRUST,0,,
command,swim,exact,src/cmd/interp.c:3235,SWIM | SWIM (IMMORTAL),SWIM,0,,
command,tackle,exact,src/cmd/interp.c:3348,TACKLE,TACKLE,0,,
command,take,ambiguous,src/cmd/interp.c:3400,GET TAKE | TOGGLE_TAKE,,92,"AC ""ARMOR CLASS"" | ANGELIC COUNTENANCE | Animalist | Anti-Paladin | Armor Class",
command,target,missing,src/cmd/interp.c:3268,,,230,Accuse | Acid blast | Ack | Agree | Amaze,Get | Forget | Charge
command,taste,partial,src/cmd/interp.c:3236,EAT DRINK SIP TASTE,,12,Acid Blood | BATTLETIDE | Commands | Drink | Eat,
command,taunt,exact,src/cmd/interp.c:3712,TAUNT,TAUNT,0,,
command,teach,exact,src/cmd/interp.c:3237,TEACH,TEACH,0,,
command,tell,ambiguous,src/cmd/interp.c:3095,"EPIC INTELLIGENCE | GOD, PTELL | Godptell | Intellect Fortress | Intelligence | PTELL | SAY TELL WHISPER ASK | TOGGLE_TELL",,34,Apologize | Ask | Commands | Communications | COMMUNICATIONS UTILITIES,
command,terrain,exact,src/cmd/interp.c:3374,TEMPEST TERRAIN | TERRAIN,TERRAIN,0,,
command,testcolor,exact,src/cmd/interp.c:3266,TESTCOLOR,TESTCOLOR,0,,
command,throat,partial,src/cmd/interp.c:3401,THROAT CRUSH,,10,ASPHYXIATE | Cr | Disruptive Blow | GARROTE | Mercenary Skills,
command,throw,exact,src/cmd/interp.c:3162,SAVING THROW | Savingthrow | THROW | THROW LIGHTNING | THROWPOTION,THROW,0,,
command,throwpotion,exact,src/cmd/interp.c:3298,THROWPOTION,THROWPOTION,0,,
command,thrust,partial,src/cmd/interp.c:3271,SWEEPING THRUST,,5,CRITICAL STAB | SPIKE GROWTH | SWEEPING THRUST | SWORDSMAN | Warrior Skills,
command,time,exact,src/cmd/interp.c:3402,TIME,TIME,0,,
command,toggle,exact,src/cmd/interp.c:3403,NO LOCATE NO-LOCATE TOGGLE_NOLOCATE | PAGING TOGGLE_PAGING | TOGGLE | TOGGLE_AFK | TOGGLE_ANONYMOUS ANONYMOUS | TOGGLE_BATTLE ALERT | TOGGLE_BRIEF | TOGGLE_COMPACT | TOGGLE_ECHO | TOGGLE_GROUP NEEDED | TOGGLE_HINT CHANNEL | TOGGLE_MAP | TOGGLE_NCHAT | TOGGLE_PETITION | TOGGLE_SAVE NOTIFY | TOGGLE_SCREEN SIZE | TOGGLE_SHIP MAP | TOGGLE_SHOUT | TOGGLE_SHOW TITLES | TOGGLE_SHOWSPEC | TOGGLE_SMARTPROMPT | TOGGLE_TAKE | TOGGLE_TELL | TOGGLE_TERSE | TOGGLE_VICIOUS | TOGGLE_WEBINFO | TOGGLE_WIMPY,TOGGLE,0,,
command,track,exact,src/cmd/interp.c:3238,IMPROVED TRACK | TRACK,TRACK,0,,
command,trample,exact,src/cmd/interp.c:3405,TRAMPLE,TRAMPLE,0,,
command,trophy,exact,src/cmd/interp.c:3406,Epic trophy | TROPHY,TROPHY,0,,
command,true strike,missing,src/cmd/interp.c:3323,,,0,,Double Strike | KI STRIKE | VAPOR STRIKE
command,tupor,exact,src/cmd/interp.c:3412,Induce Tupor | TUPOR,TUPOR,0,,
command,typo,partial,src/cmd/interp.c:3407,BUG IDEA TYPO,,8,Bug | BUG IDEA TYPO | Commands | Communications | COMMUNICATIONS UTILITIES,
command,unbind,exact,src/cmd/interp.c:3253,UNBIND,UNBIND,0,,
command,unhitch,missing,src/cmd/interp.c:3241,,,0,,WHICH | Punch | Notch
command,unlock,partial,src/cmd/interp.c:3242,OPEN CLOSE LOCK UNLOCK,,7,Commands | Lock | Open | OPEN CLOSE LOCK UNLOCK | Pick Lock,
command,unthrust,missing,src/cmd/interp.c:3272,,,0,,Encrust
command,up,ambiguous,src/cmd/interp.c:3243,"Auction Pickup | Disruptive Blow | Follow-Up Riposte | GOD, LOOKUP | GOD, SUPERVISE | Godlookup | Group | Group Globe of Invulnerability | GROUP HASTE | Group heal | Group Recall | Group Stone Skin | Group stornogs spheres | GROUP TELEPORT | Hiccup | Induce Tupor | LOOKUP | NEW-COMBAT ""NEW COMBAT"" ""GROUP RANKS"" RANKS ""FRONT RANK"" ""BACK RANK"" | NORTH SOUTH EAST WEST UP DOWN SOUTHWEST SOUTHEAST NORTHWEST NORTHEAST | Quadruple Attack | SPINAL CORRUPTION | Supernova | SUPERVISE | SUPPRESS SOUND | TOGGLE_GROUP NEEDED | TUPOR",,277,ACCOUNT | Accuse | Ack | ADVANCE | Agree,
command,use,ambiguous,src/cmd/interp.c:3408,"Accuse | Cause Critical | Cause light | Cause Serious | Confuse | GOD, USERS | Godusers | INFUSE LIFE | INFUSE MAGICAL DEVICE | Magic User | MAGIC-USER | Mousestrength | Multi-user dungeon | s_Wayhouse' | USE WANDS STAFF STAVES | USERS",,206,1h Bludgeon | 1h flaying | 1h Piercing | 1h slashing | 2h flaying,
command,vis,ambiguous,src/cmd/interp.c:3409,"Animal Vision | DAYVISION | Detect Invisibility | Dispel Invisible | GOD, SUPERVISE | GOD, VIS | Godvis | Hawkvision | Hymn of morbid visions | Improved Invisibility | Infravision | Invisibility | Lodestone vision | Mass Invisibility | Molevision | Shadow Vision | STUNNING VISIONS | SUPERVISE | ULTRAVISION | VISION OF THE DEAD",,4,"GOD, VIS | Godcommands | Godvis | Invisibility",
command,vote,missing,src/cmd/interp.c:3270,,,1,OT,OT | Emote
command,wail,exact,src/cmd/interp.c:3430,WAIL,WAIL,0,,
command,wake,ambiguous,src/cmd/interp.c:3410,Awaken Forest | WAKE REST SIT STAND KNEEL RECLINE ALERT,,7,AID OF THE HEAVENS | Commands | GUARDIAN SPIRITS | Sleep | Song of Sleep,
command,warcry,exact,src/cmd/interp.c:3347,WARCRY,WARCRY,0,,
command,wear,exact,src/cmd/interp.c:3244,WEAR,WEAR,0,,
command,weather,exact,src/cmd/interp.c:3413,Control Weather | WEATHER,WEATHER,0,,
command,west,partial,src/cmd/interp.c:3245,NORTH SOUTH EAST WEST UP DOWN SOUTHWEST SOUTHEAST NORTHWEST NORTHEAST,,10,"Brief Mode | Charing | CHARING ""CITY OF ELVES"" | Commands | Construct",
command,whirlwind,exact,src/cmd/interp.c:3414,Arcane Whirlwind | WHIRLWIND,WHIRLWIND,0,,
command,whisper,partial,src/cmd/interp.c:3246,SAY TELL WHISPER ASK,,9,Ask | Commands | Communications | COMMUNICATIONS UTILITIES | INDOMITABLE RAGE,
command,who,exact,src/cmd/interp.c:3247,WHO | WHOIS,WHO,0,,
command,wield,exact,src/cmd/interp.c:3415,Dual Wield | WIELD,WIELD,0,,
command,will,partial,src/cmd/interp.c:3306,TOWER OF IRON WILL,,700,"ABORT | AC ""ARMOR CLASS"" | Accuse | Acid Blood | ACID RAIN",
command,withdraw,partial,src/cmd/interp.c:3248,EXCHANGE BANKS BALANCE DEPOSIT WITHDRAW,,10,Commands | Construct | Disengage | Exchange | EXCHANGE BANKS BALANCE DEPOSIT WITHDRAW,
command,wizlist,exact,src/cmd/interp.c:3249,WIZLIST,WIZLIST,0,,
command,world,exact,src/cmd/interp.c:3418,WORLD,WORLD,0,,
command,write,exact,src/cmd/interp.c:3250,WRITE,WRITE,0,,
command_attribute,',ambiguous,docs/lib/information/command_attributes.txt:505,BIGBY'S CLENCHED FIST | gral' | Neth_Guides' | s_test_Desolate_part_Guides' | s_Wayhouse',,140,AFFECTPURGE | Air magus | Animalist | Anti-Paladin | Anti-paladin Skills,
command_attribute,:,missing,docs/lib/information/command_attributes.txt:507,,,107,Aggr | AGGR AGGRESSIVE | Anatomy | Artifact_orbofthesea | ASCLIST,
command_attribute,\n,missing,docs/lib/information/command_attributes.txt:509,,,0,,
command_attribute,abort,exact,docs/lib/information/command_attributes.txt:1,ABORT,ABORT,0,,
command_attribute,absorbe,missing,docs/lib/information/command_attributes.txt:511,,,0,,Snore | Score | ABORT
command_attribute,acc,ambiguous,docs/lib/information/command_attributes.txt:513,"Accelerated healing | ACCOUNT | Accuse | GOD, ACCEPT | Godaccept",,0,,
command_attribute,account,exact,docs/lib/information/command_attributes.txt:515,ACCOUNT,ACCOUNT,0,,
command_attribute,accuse,exact,docs/lib/information/command_attributes.txt:517,Accuse,Accuse,0,,
command_attribute,achievements,exact,docs/lib/information/command_attributes.txt:519,ACHIEVEMENTS,ACHIEVEMENTS,0,,
command_attribute,ack,exact,docs/lib/information/command_attributes.txt:521,"Ack | Backrank | Backstab | Ballistic Attack | Biofeedback | Blackguard | BLACKMANTLE | Blacksmith | Cackle | Combination attack | Critical attack | Double Attack | IMPROVED TRACK | NEGATIVE FEEDBACK BARRIER | NEW-COMBAT ""NEW COMBAT"" ""GROUP RANKS"" RANKS ""FRONT RANK"" ""BACK RANK"" | Quadruple Attack | SACK | TACKLE | TRACK | TRIPLE ATTACK | VICIOUS ATTACK",Ack,0,,
command_attribute,addict,missing,docs/lib/information/command_attributes.txt:523,,,0,,
command_attribute,advance,exact,docs/lib/information/command_attributes.txt:525,"ADVANCE | Advanced meditation | GOD, ADVANCE | GOD, ADVANCEMENT | Godadvance | Godadvancement | help advanced",ADVANCE,0,,
command_attribute,affectpurge,exact,docs/lib/information/command_attributes.txt:527,AFFECTPURGE,AFFECTPURGE,0,,
command_attribute,afk,exact,docs/lib/information/command_attributes.txt:529,Afk | AFK BRB BBL | TOGGLE_AFK,Afk,0,,
command_attribute,aggr,exact,docs/lib/information/command_attributes.txt:531,Aggr | AGGR AGGRESSIVE,Aggr,0,,
command_attribute,agree,exact,docs/lib/information/command_attributes.txt:533,Agree,Agree,0,,
command_attribute,alert,exact,docs/lib/information/command_attributes.txt:535,Alert | TOGGLE_BATTLE ALERT | WAKE REST SIT STAND KNEEL RECLINE ALERT,Alert,0,,
command_attribute,alliance,ambiguous,docs/lib/information/command_attributes.txt:537,Blood Alliance | Ethereal Alliance | UNHOLY ALLIANCE,,8,Blood Alliance | BLOOD REAVER | Construct | Ethereal Alliance | HARPY GARGOYLE,
command_attribute,allow,exact,docs/lib/information/command_attributes.txt:539,ALLOW,ALLOW,0,,
command_attribute,amaze,exact,docs/lib/information/command_attributes.txt:541,Amaze,Amaze,0,,
command_attribute,analyze,missing,docs/lib/information/command_attributes.txt:543,,,0,,Paralyze | Cannibalize | Amaze
command_attribute,apologize,exact,docs/lib/information/command_attributes.txt:545,Apologize,Apologize,0,,
command_attribute,applaud,exact,docs/lib/information/command_attributes.txt:547,Applaud,Applaud,0,,
command_attribute,apply,partial,docs/lib/information/command_attributes.txt:549,Apply Poison,,22,Apply Poison | Assassin | Assassin Skills | Bandage | Berserk,
command_attribute,apply poison,exact,docs/lib/information/command_attributes.txt:3,Apply Poison,Apply Poison,0,,
command_attribute,appoint,missing,docs/lib/information/command_attributes.txt:551,,,0,,Point | TAINT
command_attribute,appraise,exact,docs/lib/information/command_attributes.txt:5,Appraise,Appraise,0,,
command_attribute,approve,exact,docs/lib/information/command_attributes.txt:553,APPROVE,APPROVE,0,,
command_attribute,arch,ambiguous,docs/lib/information/command_attributes.txt:555,Archery | ARCHMAGE | Archmagi | CALL ARCHON | Search | SHADOW ARCHERY,,1,Social actions,
command_attribute,area,exact,docs/lib/information/command_attributes.txt:557,Area | AREA HEADBUTT | Area making | Areamaking,Area,0,,
command_attribute,arena,missing,docs/lib/information/command_attributes.txt:559,,,0,,Area | RENAME | Rent
command_attribute,armlock,exact,docs/lib/information/command_attributes.txt:7,ARMLOCK,ARMLOCK,0,,
command_attribute,artifacts,exact,docs/lib/information/command_attributes.txt:561,ARTIFACTS,ARTIFACTS,0,,
command_attribute,ascend,exact,docs/lib/information/command_attributes.txt:563,Ascend | REMORT ASCEND,Ascend,0,,
command_attribute,asclist,exact,docs/lib/information/command_attributes.txt:565,ASCLIST,ASCLIST,0,,
command_attribute,ask,exact,docs/lib/information/command_attributes.txt:567,Ask | Mask | SAY TELL WHISPER ASK,Ask,0,,
command_attribute,assimilate,exact,docs/lib/information/command_attributes.txt:569,Assimilate,Assimilate,0,,
command_attribute,assist,exact,docs/lib/information/command_attributes.txt:571,Assist | Assisting,Assist,0,,
command_attribute,at,exact,docs/lib/information/command_attributes.txt:573,"Accelerated healing | ACIDIMMOLATE | Advanced meditation | AERIAL COMBAT | Airy Water | Anatomy | ANIMAE CICATRIX | Animate Dead | ANTIMATTER COLLISION | Arieks Shattering Iceball | ASPHYXIATE | Assimilate | AT | ATONEMENT | Attribute | Attributes | Aura of Battle Lust | Avatar | Ballistic Attack | Battle ecstasy | BATTLE MAGES AURA | Battle orders | Battle senses | Battle Tactics | Battle-forger | Battleaid | BATTLETIDE | Breathe | BREATHE ""INNATE BREATHE"" | Breathe frost | CALL AVATAR | CALL LIBERATOR | Channel Negative Energy | CHEAT | Combat mind | Combination attack | Communications | COMMUNICATIONS UTILITIES | CONCENTRATION | Congratulate | Conjure Greater Elemental | Conjure Water | Consecrate Land | Control Weather | Create dracolich | CREATE FOOD | Create Golem | Create greater dracolich | CREATE POND | Create Sound | Create Spring | CREATE WATER | Critical attack | Death | Death Blessing | DEATH CORPSE DYING | Death Field | Death Knight | Deathknight | Deathlord | DEATHOBJ | DESECRATE LAND | Desolate | Detonate | DETONATE ""IMPROVED DETONATE"" | DEVASTATING CRITICAL | Disintegrate | Double Attack | DRAGON BREATH | DRAIN NATURE | DREAD WRATH | Duris Information | Eat | EAT DRINK SIP TASTE | Elemental Plane of Water | Embrace Death | ENERVATION | EQRATE | EXCOGITATE | EXPEDITED RETREAT | EXPEDITIOUS RETREAT | Feign death | FLURRY ""INNATE FLURRY"" | Formations | Gate | Gate to ardgral | Gladiator | GOD, AT | GOD, CHEATING | GOD, PARTICIPATION | GOD, SETATTR | GOD, STAT | Godat | Godcheating | Godparticipation | Godsetattr | Godstat | GRAPPLER COMBAT | Great duris Week | Greater Earthen Grasp | Greater Ethereal Recharge | GREATER FLICKER | GREATER GUARDIAN WARD | Greater Heal Undead | GREATER LIVING STONE | Greater Mending | Greater Pythonsting | Greater Ravenflight | Greater soul disturbance | Greater Spirit Anguish | Greater Spirit Sight | Greater Spirit Ward | Greater summon beast | GREATER SUSTENANCE | GUILD GUILDS ASSOCIATIONS CLANS | Hand of Death | Hatred | Immolate | Improved Detonate | IMPROVED SHIELD COMBAT | Incapacitated | INFURIATE | Innate | Innate disappear | Innate horse body | INVIGORATE | Invoke Negative Energy | Levitate | Mass Purification | Meditate | Minor creation | Molecular Agitation | MORDENKAINENS LUCUBRATION | Mounted combat | Natures Blessing | Natures calling | NATURES RUIN | NATURES SANCTITY | Natures Touch | Nchat | Negative Concussion Blast | Negative Energy Barrier | Negative Energy Vortex | NEGATIVE FEEDBACK BARRIER | Nether Gate | NEW-COMBAT ""NEW COMBAT"" ""GROUP RANKS"" RANKS ""FRONT RANK"" ""BACK RANK"" | NO LOCATE NO-LOCATE TOGGLE_NOLOCATE | OBTENEBRATION | Pat | Path of frost | Patrols | Potion of Greater Living Stone | Prismatic cube | Prismatic Ray | Prismatic Spray | Quadruple Attack | RADIAL NAVIGATION | Regenerate | Regeneration | Rejuvenate Major | Rejuvenate minor | Relocate | Repeat | RESTORATION | Retreat | s_test_Desolate_part_Guides' | SAP NATURE | Scathing Wind | SCORE ATTRIBUTES | Scratch | SETATTR | Shaboath | Shadow Gate | Shatter | SHIELD COMBAT | Ship Combat | SHIP_COMBAT SHIP_BATTLE | SIGILLUM NEGATI | Song of revelation | SONG OF SNATCHING | SPATIAL FOCUS | Specialization | Specializations | SPECIALIZATIONS SPECIALIZE | SPELL PENETRATION | STATIC DISCHARGE | STATISTIC | STATS STATISTICS | STIGMATA DRACONICA | STORM EMPATHY | TERMINATE | THROAT CRUSH | TOGGLE_BATTLE ALERT | TOGGLE_NCHAT | TRANSMUTE AIR TO WATER | TRANSMUTE MUD TO WATER | TRANSMUTE WATER TO AIR | TRANSMUTE WATER TO MUD | TRIPLE ATTACK | UNDEATH TO DEATH | VENTRILOQUATE | VICIOUS ATTACK | VOICE OF CREATION | WATCHING WALL | WATER BREATHING | WATER MAGUS | WATER TO LIFE | WATERBREATH | WAVES OF FATIGUE | WEATHER",AT,0,,
command_attribute,attributes,exact,docs/lib/information/command_attributes.txt:575,Attributes | SCORE ATTRIBUTES,Attributes,0,,
command_attribute,auction,exact,docs/lib/information/command_attributes.txt:586,Auction | Auction Bid | Auction Info | Auction List | Auction Offer | Auction Pickup,Auction,0,,
command_attribute,audit,missing,docs/lib/information/command_attributes.txt:588,,,0,,Quit
command_attribute,awareness,exact,docs/lib/information/command_attributes.txt:12,Awareness,Awareness,0,,
command_attribute,ayt,exact,docs/lib/information/command_attributes.txt:590,Ayt,Ayt,0,,
command_attribute,babble,missing,docs/lib/information/command_attributes.txt:592,,,0,,Nibble | Bbl
command_attribute,backstab,exact,docs/lib/information/command_attributes.txt:17,Backstab,Backstab,0,,
command_attribute,balance,partial,docs/lib/information/command_attributes.txt:594,EXCHANGE BANKS BALANCE DEPOSIT WITHDRAW,,20,Alignment | ARMLOCK | Bash | Celestia | Chant,
command_attribute,ban,exact,docs/lib/information/command_attributes.txt:596,BAN | Bandage | Bang | Banish | Bank | Disband | EXCHANGE BANKS BALANCE DEPOSIT WITHDRAW | Greater soul disturbance | Mount Banishment Guides | Old Bandage | Soul disturbance,BAN,0,,
command_attribute,bandage,exact,docs/lib/information/command_attributes.txt:598,Bandage | Old Bandage,Bandage,0,,
command_attribute,bang,exact,docs/lib/information/command_attributes.txt:600,Bang,Bang,0,,
command_attribute,banzai,missing,docs/lib/information/command_attributes.txt:602,,,1,Ship Combat,Banish | BAN
command_attribute,bark,exact,docs/lib/information/command_attributes.txt:604,Bark | Barkskin | Disembark | Mass Barkskin | SHIP_COMMANDS DISEMBARK REPAIR RELOAD,Bark,0,,
command_attribute,barrage,ambiguous,docs/lib/information/command_attributes.txt:24,BLADE BARRAGE | Solbeeps Missile Barrage,,8,Age | ANTIMATTER COLLISION | BLADE BARRAGE | Dragoon Skills | Ranger Skills,
command_attribute,bash,exact,docs/lib/information/command_attributes.txt:27,Bash | Doorbash | Shieldless bash,Bash,0,,
command_attribute,bathe,missing,docs/lib/information/command_attributes.txt:606,,,1,Social actions,Breathe | Barter | WEATHER
command_attribute,battle orders,exact,docs/lib/information/command_attributes.txt:39,Battle orders,Battle orders,0,,
command_attribute,battlerager,missing,docs/lib/information/command_attributes.txt:608,,,1,Age,Battle-forger | Battle orders | BATTLE MAGES AURA
command_attribute,bbl,exact,docs/lib/information/command_attributes.txt:610,AFK BRB BBL | Bbl | Nibble,Bbl,0,,
command_attribute,bearhug,exact,docs/lib/information/command_attributes.txt:42,Bearhug,Bearhug,0,,
command_attribute,beckon,missing,docs/lib/information/command_attributes.txt:612,,,2,Group | hints,
command_attribute,beep,partial,docs/lib/information/command_attributes.txt:614,Solbeeps Missile Barrage,,0,,
command_attribute,beer,exact,docs/lib/information/command_attributes.txt:616,Beer,Beer,0,,
command_attribute,beg,exact,docs/lib/information/command_attributes.txt:618,Beg,Beg,0,,
command_attribute,berserk,exact,docs/lib/information/command_attributes.txt:46,Berserk | Berserker | Berserker Skills | SKILL_BERSERKER,Berserk,0,,
command_attribute,bhug,missing,docs/lib/information/command_attributes.txt:620,,,0,,Hug | Bug | THUG
command_attribute,bind,exact,docs/lib/information/command_attributes.txt:622,Bind | BINDING WIND | SOULBIND | Spellbind | UNBIND,Bind,0,,
command_attribute,bird,exact,docs/lib/information/command_attributes.txt:624,Bird,Bird,0,,
command_attribute,bite,exact,docs/lib/information/command_attributes.txt:626,Bite | Cenobite | Frostbite | Neckbite,Bite,0,,
command_attribute,bkiss,missing,docs/lib/information/command_attributes.txt:628,,,0,,Kiss | Hiss
command_attribute,blade,ambiguous,docs/lib/information/command_attributes.txt:630,BLADE BARRAGE | Blademaster | CEGILUNES SEARING BLADE | Doom Blade | Dread blade | Flame Blade | Healing Blade | HOLY BLADE | TAINTED BLADE | WIND BLADE,,51,Age | ARTIFACTS | Avarne | Avenger Skills | BLADE BARRAGE,
command_attribute,blame,missing,docs/lib/information/command_attributes.txt:632,,,0,,Flame
command_attribute,bleed,exact,docs/lib/information/command_attributes.txt:634,Bleed,Bleed,0,,
command_attribute,blindfold,missing,docs/lib/information/command_attributes.txt:636,,,0,,
command_attribute,blink,exact,docs/lib/information/command_attributes.txt:638,Blink,Blink,0,,
command_attribute,blood,ambiguous,docs/lib/information/command_attributes.txt:640,Acid Blood | Blood Alliance | BLOOD REAVER | BLOOD SCENT | Blood to stone | BLOODSTONE | Boiling blood | Scent of the Bloodhound,,65,Acid Blood | Alchemist Recipe | ARTIFACTS | Bleed | BLIGHT,
command_attribute,blood scent,exact,docs/lib/information/command_attributes.txt:48,BLOOD SCENT,BLOOD SCENT,0,,
command_attribute,blow,exact,docs/lib/information/command_attributes.txt:642,Blow | Disruptive Blow | Flurry of Blows,Blow,0,,
command_attribute,blush,exact,docs/lib/information/command_attributes.txt:644,Blush,Blush,0,,
command_attribute,bodyslam,exact,docs/lib/information/command_attributes.txt:50,Bodyslam,Bodyslam,0,,
command_attribute,boggle,exact,docs/lib/information/command_attributes.txt:646,Boggle,Boggle,0,,
command_attribute,bong,missing,docs/lib/information/command_attributes.txt:648,,,0,,Song | Bonk | Bang
command_attribute,bonk,exact,docs/lib/information/command_attributes.txt:650,Bonk,Bonk,0,,
command_attribute,boogie,missing,docs/lib/information/command_attributes.txt:652,,,0,,Boggle | Apologize
command_attribute,boon,missing,docs/lib/information/command_attributes.txt:654,,,2,Lesser resurrect | RESTED,Moon | Bonk
command_attribute,boot,ambiguous,docs/lib/information/command_attributes.txt:656,Reboot | REBOOT CRASH,,4,LOOKUP | Pop | Rareload | TRANSMUTE ROCK TO MUD,
command_attribute,bored,missing,docs/lib/information/command_attributes.txt:658,,,5,"GOD, CHEATING | Godcheating | Massrip | Psycheporter | Social actions",Board | Read | Ogre
command_attribute,bounce,exact,docs/lib/information/command_attributes.txt:660,Bounce,Bounce,0,,
command_attribute,bow,exact,docs/lib/information/command_attributes.txt:662,Bow,Bow,0,,
command_attribute,branch,missing,docs/lib/information/command_attributes.txt:57,,,3,Conjurer | Necromancer | Planetbound Illithid,French | Banish | BAN
command_attribute,brb,exact,docs/lib/information/command_attributes.txt:664,AFK BRB BBL | Brb,Brb,0,,
command_attribute,breathe,exact,docs/lib/information/command_attributes.txt:666,"Breathe | BREATHE ""INNATE BREATHE"" | Breathe frost",Breathe,0,,
command_attribute,brew,missing,docs/lib/information/command_attributes.txt:668,,,5,"Charing | CHARING ""CITY OF ELVES"" | MIXPOISON | NAPALM | NITROGEN",Brief
command_attribute,bribe,missing,docs/lib/information/command_attributes.txt:670,,,0,,Brief | Brb | Scribe
command_attribute,bslap,missing,docs/lib/information/command_attributes.txt:672,,,0,,Slap | Snap | SLIP
command_attribute,buck,ambiguous,docs/lib/information/command_attributes.txt:63,MOUNT RIDE DISMOUNT BUCK | Swashbuckler,,2,Mount | MOUNT RIDE DISMOUNT BUCK,
command_attribute,bug,exact,docs/lib/information/command_attributes.txt:674,"Bug | BUG IDEA TYPO | DEBUG | GOD, DEBUG | Goddebug",Bug,0,,
command_attribute,build,missing,docs/lib/information/command_attributes.txt:676,,,10,Construct | Flex | Flutter | Guildhall | GUILDHALLS,Guild | Guilds | Boulder
command_attribute,bully,partial,docs/lib/information/command_attributes.txt:678,Bullywug Village,,0,,
command_attribute,bungee,missing,docs/lib/information/command_attributes.txt:680,,,0,,Hunger | Bug | Bounce
command_attribute,burp,exact,docs/lib/information/command_attributes.txt:682,Burp,Burp,0,,
command_attribute,bury,exact,docs/lib/information/command_attributes.txt:684,Bury,Bury,0,,
command_attribute,buy,exact,docs/lib/information/command_attributes.txt:686,Buy | BUY SELL,Buy,0,,
command_attribute,bye,exact,docs/lib/information/command_attributes.txt:688,Bye,Bye,0,,
command_attribute,cackle,exact,docs/lib/information/command_attributes.txt:690,Cackle,Cackle,0,,
command_attribute,call,ambiguous,docs/lib/information/command_attributes.txt:692,CALL ARCHON | Call asura | CALL AVATAR | CALL BRALANI | Call deva | CALL KNIGHT | CALL LIBERATOR | Call lightning | Call of the Grave | CALL OF THE WILD | CALL TITAN | Call woodland beings | God call | Group Recall | Natures calling | Recall | STORMCALLERS FURY | WORD OF RECALL,,57,ARTIFACTS | Avatar | Avenger | Avenger Skills | BATTLETIDE,
command_attribute,calm,exact,docs/lib/information/command_attributes.txt:65,Calm | Song of calming,Calm,0,,
command_attribute,camp,exact,docs/lib/information/command_attributes.txt:694,Camp,Camp,0,,
command_attribute,capture,exact,docs/lib/information/command_attributes.txt:67,Capture,Capture,0,,
command_attribute,caress,missing,docs/lib/information/command_attributes.txt:696,,,1,Social actions,Scare | Class | Carve
command_attribute,carrot,missing,docs/lib/information/command_attributes.txt:698,,,0,,GARROTE
command_attribute,carve,exact,docs/lib/information/command_attributes.txt:81,Carve,Carve,0,,
command_attribute,cast,exact,docs/lib/information/command_attributes.txt:83,AERIAL CASTING | Cast | Caster | GROUND CASTING | INSTACAST | Outcast | Outcast Tower Guides,Cast,0,,
command_attribute,castrate,missing,docs/lib/information/command_attributes.txt:700,,,0,,Caster | STORAGE | Cast
command_attribute,cd,exact,docs/lib/information/command_attributes.txt:702,CD,CD,0,,
command_attribute,censor,missing,docs/lib/information/command_attributes.txt:704,,,1,Social actions,Ice Storm
command_attribute,channel,exact,docs/lib/information/command_attributes.txt:706,Channel | Channel Negative Energy | Channeler | TOGGLE_HINT CHANNEL,Channel,0,,
command_attribute,chant,exact,docs/lib/information/command_attributes.txt:92,Chant | Chant mastery | Chant of subversion | Chants | Enchant | ENCHANT ARROWS | Enchant Weapon | Enchanter | Quick Chant | WEAPON ENCHANTMENT,Chant,0,,
command_attribute,chaos,ambiguous,docs/lib/information/command_attributes.txt:708,chaos craft pouch | chaos pouch | CHAOS SHIELD | CHAOS VOLLEY | Song of Chaos,,19,Army of Armageddon | ARTIFACTS | AURA OF REBIRTH | Bard Skills | chaos craft pouch,
command_attribute,charge,exact,docs/lib/information/command_attributes.txt:94,Charge | Ethereal discharge | Ethereal Recharge | Greater Ethereal Recharge | Lance Charge | RECHARGER | STATIC DISCHARGE,Charge,0,,
command_attribute,chastise,missing,docs/lib/information/command_attributes.txt:710,,,1,Scold,Haste | Chants | Caster
command_attribute,cheat,exact,docs/lib/information/command_attributes.txt:712,"CHEAT | GOD, CHEATING | Godcheating",CHEAT,0,,
command_attribute,cheater,missing,docs/lib/information/command_attributes.txt:714,,,2,Eat | Rules,Cheer | CHEAT | Healer
command_attribute,cheek,exact,docs/lib/information/command_attributes.txt:716,Cheek,Cheek,0,,
command_attribute,cheer,exact,docs/lib/information/command_attributes.txt:718,Cheer,Cheer,0,,
command_attribute,cherish,missing,docs/lib/information/command_attributes.txt:720,,,0,,Heroism | Cheer | Charisma
command_attribute,chi,ambiguous,docs/lib/information/command_attributes.txt:86,ACHIEVEMENTS | CHI PURGE | Chill | Chill touch | Chime of the vampire | KOSTCHTCHIES CHILLING IMPLOSION | Psychic crush | Scorching Touch | SONG OF SNATCHING | WATCHING WALL,,5,Chant | CHI PURGE | Fist of Dragon | Monk Skills | Purge,
command_attribute,choke,missing,docs/lib/information/command_attributes.txt:722,,,1,Social actions,ECHOE | Poke | Home
command_attribute,chortle,missing,docs/lib/information/command_attributes.txt:724,,,0,,Score | Ghore | ECHOT
command_attribute,chuckle,exact,docs/lib/information/command_attributes.txt:726,Chuckle,Chuckle,0,,
command_attribute,circle,exact,docs/lib/information/command_attributes.txt:103,Circle | Spell circle,Circle,0,,
command_attribute,claim,missing,docs/lib/information/command_attributes.txt:728,,,7,Goblin | GUILDHALLS | KINGDOM | kingdoms | Magic,Climb | Clap | Camp
command_attribute,clap,exact,docs/lib/information/command_attributes.txt:730,Clap,Clap,0,,
command_attribute,claw,missing,docs/lib/information/command_attributes.txt:732,,,3,BEASTFORM | MAUL | THORNSKIN,Clap | Class
command_attribute,climb,exact,docs/lib/information/command_attributes.txt:734,Climb,Climb,0,,
command_attribute,clone,exact,docs/lib/information/command_attributes.txt:736,"CLONE | Clone form | Cyclone | GOD, CLONE | Godclone",CLONE,0,,
command_attribute,close,partial,docs/lib/information/command_attributes.txt:738,OPEN CLOSE LOCK UNLOCK,,29,ASPHYXIATE | Assassin | Assisting | AURA OF REBIRTH | Battle-forger,
command_attribute,clue,missing,docs/lib/information/command_attributes.txt:740,,,0,,Lure | VALUE | Flute
command_attribute,coffee,missing,docs/lib/information/command_attributes.txt:742,,,0,,Offense
command_attribute,collector,missing,docs/lib/information/command_attributes.txt:105,,,0,,
command_attribute,comb,exact,docs/lib/information/command_attributes.txt:744,"AERIAL COMBAT | Comb | Combat mind | Combination attack | GRAPPLER COMBAT | IMPROVED SHIELD COMBAT | Mounted combat | NEW-COMBAT ""NEW COMBAT"" ""GROUP RANKS"" RANKS ""FRONT RANK"" ""BACK RANK"" | SHIELD COMBAT | Ship Combat | SHIP_COMBAT SHIP_BATTLE",Comb,0,,
command_attribute,combination,partial,docs/lib/information/command_attributes.txt:746,Combination attack,,14,Ack | Bard | BLADE BARRAGE | Cenobite | Charisma,
command_attribute,combination attack,exact,docs/lib/information/command_attributes.txt:89,Combination attack,Combination attack,0,,
command_attribute,comfort,exact,docs/lib/information/command_attributes.txt:748,Comfort,Comfort,0,,
command_attribute,commands,exact,docs/lib/information/command_attributes.txt:750,"Commands | GOD, COMMANDS | Godcommands | help commands | Ship commands | SHIP_COMMANDS DISEMBARK REPAIR RELOAD",Commands,0,,
command_attribute,commune,exact,docs/lib/information/command_attributes.txt:752,Commune,Commune,0,,
command_attribute,condition,missing,docs/lib/information/command_attributes.txt:754,,,6,Disguise | Display | Glance | Memory | REPAIR ONE ITEM,CONTAGION | Constitution | Communications
command_attribute,congratulate,exact,docs/lib/information/command_attributes.txt:756,Congratulate,Congratulate,0,,
command_attribute,conjure,ambiguous,docs/lib/information/command_attributes.txt:107,Conjure air | Conjure elemental | Conjure Greater Elemental | CONJURE ICE | CONJURE VOID | Conjure Water | Conjurer | Conjurer Skills | SKILL_CONJURER,,22,Conjure air | Conjure elemental | Conjure Greater Elemental | CONJURE ICE | CONJURE VOID,
command_attribute,consent,exact,docs/lib/information/command_attributes.txt:758,Consent,Consent,0,,
command_attribute,consider,exact,docs/lib/information/command_attributes.txt:760,Consider,Consider,0,,
command_attribute,construct,exact,docs/lib/information/command_attributes.txt:762,Construct,Construct,0,,
command_attribute,consume,partial,docs/lib/information/command_attributes.txt:764,CONSUME CORPSE,,8,Abominal Consumption | CONSUME CORPSE | Elemental Aura | FLAME SPHERE | Quaff,
command_attribute,cough,exact,docs/lib/information/command_attributes.txt:766,Cough,Cough,0,,
command_attribute,cover,missing,docs/lib/information/command_attributes.txt:768,,,7,Bury | Earthen Tomb | Grease | kingdoms | Pass without trace,Coder | Love
command_attribute,cow,partial,docs/lib/information/command_attributes.txt:770,Song of cowardice,,0,,
command_attribute,cower,missing,docs/lib/information/command_attributes.txt:772,,,1,TURN UNDEAD,Power | Coder | WEAR
command_attribute,crack,missing,docs/lib/information/command_attributes.txt:774,,,0,,TRACK | Ack | Cackle
command_attribute,craft,exact,docs/lib/information/command_attributes.txt:113,chaos craft pouch | Craft | CRAFTING,Craft,0,,
command_attribute,credits,exact,docs/lib/information/command_attributes.txt:776,Credits,Credits,0,,
command_attribute,cringe,exact,docs/lib/information/command_attributes.txt:778,Cringe,Cringe,0,,
command_attribute,cry,exact,docs/lib/information/command_attributes.txt:780,Cry | Requiem of the Crypts | WAR CRY | WARCRY,Cry,0,,
command_attribute,ctf,missing,docs/lib/information/command_attributes.txt:782,,,0,,
command_attribute,cuddle,exact,docs/lib/information/command_attributes.txt:784,Cuddle,Cuddle,0,,
command_attribute,curious,exact,docs/lib/information/command_attributes.txt:786,Curious,Curious,0,,
command_attribute,curl,missing,docs/lib/information/command_attributes.txt:788,,,0,,Curse | Cr
command_attribute,curse,exact,docs/lib/information/command_attributes.txt:790,Curse | CURSE OF YZAR | CURSED ARROWS | Remove Curse,Curse,0,,
command_attribute,curtsey,exact,docs/lib/information/command_attributes.txt:792,Curtsey,Curtsey,0,,
command_attribute,dance,exact,docs/lib/information/command_attributes.txt:794,Dance | FORBIDDANCE,Dance,0,,
command_attribute,deathobj,exact,docs/lib/information/command_attributes.txt:796,DEATHOBJ,DEATHOBJ,0,,
command_attribute,deathsdoor,missing,docs/lib/information/command_attributes.txt:798,,,0,,Deathlord | DEATHOBJ | Death
command_attribute,debug,exact,docs/lib/information/command_attributes.txt:800,"DEBUG | GOD, DEBUG | Goddebug",DEBUG,0,,
command_attribute,decline,exact,docs/lib/information/command_attributes.txt:802,DECLINE,DECLINE,0,,
command_attribute,defend,exact,docs/lib/information/command_attributes.txt:804,Defend | Defender,Defend,0,,
command_attribute,deforest,missing,docs/lib/information/command_attributes.txt:806,,,1,Rest,Forget | FORRESTAL | Rest
command_attribute,delete,exact,docs/lib/information/command_attributes.txt:808,Delete | DELETE REROLL,Delete,0,,
command_attribute,demote,exact,docs/lib/information/command_attributes.txt:810,"DEMOTE | GOD, DEMOTE | Goddemote",DEMOTE,0,,
command_attribute,depiss,exact,docs/lib/information/command_attributes.txt:812,DEPISS,DEPISS,0,,
command_attribute,deposit,partial,docs/lib/information/command_attributes.txt:814,EXCHANGE BANKS BALANCE DEPOSIT WITHDRAW,,12,Bank | Commands | Construct | Exchange | EXCHANGE BANKS BALANCE DEPOSIT WITHDRAW,
command_attribute,descend,exact,docs/lib/information/command_attributes.txt:816,Descend,Descend,0,,
command_attribute,destroy,partial,docs/lib/information/command_attributes.txt:818,Destroy Undead,,22,Avenger Skills | Bandage | Celestia | Cleric Skills | Comet,
command_attribute,dice,partial,docs/lib/information/command_attributes.txt:820,Song of cowardice,,6,Artifact_orbofthesea | Backstab | Damroll | Hellfire | kingdoms,
command_attribute,difficulty,missing,docs/lib/information/command_attributes.txt:115,,,4,Identify | MindFlayer | Rareload | Warlock,
command_attribute,dig,exact,docs/lib/information/command_attributes.txt:117,Dig,Dig,0,,
command_attribute,dirttoss,exact,docs/lib/information/command_attributes.txt:120,Dirttoss | DIRTTOSS TOSS,Dirttoss,0,,
command_attribute,disappear,exact,docs/lib/information/command_attributes.txt:822,Disappear | Innate disappear,Disappear,0,,
command_attribute,disarm,exact,docs/lib/information/command_attributes.txt:123,Disarm,Disarm,0,,
command_attribute,disband,exact,docs/lib/information/command_attributes.txt:824,Disband,Disband,0,,
command_attribute,disembark,exact,docs/lib/information/command_attributes.txt:826,Disembark | SHIP_COMMANDS DISEMBARK REPAIR RELOAD,Disembark,0,,
command_attribute,disengage,exact,docs/lib/information/command_attributes.txt:828,Disengage,Disengage,0,,
command_attribute,disguise,exact,docs/lib/information/command_attributes.txt:127,Disguise,Disguise,0,,
command_attribute,disgust,missing,docs/lib/information/command_attributes.txt:830,,,0,,Disguise
command_attribute,dismiss,missing,docs/lib/information/command_attributes.txt:832,,,1,Pets,Disguise
command_attribute,dismount,partial,docs/lib/information/command_attributes.txt:834,MOUNT RIDE DISMOUNT BUCK,,2,Mount | MOUNT RIDE DISMOUNT BUCK,
command_attribute,display,exact,docs/lib/information/command_attributes.txt:836,Display,Display,0,,
command_attribute,divineclaim,missing,docs/lib/information/command_attributes.txt:838,,,0,,
command_attribute,do,ambiguous,docs/lib/information/command_attributes.txt:840,"ARMAGEDDON | Army of Armageddon | Baladors Protection | Creeping doom | Dimension Door | Docks | Dodge | Doom Blade | Doomlure | Doorbash | Doorkick | Double Attack | Double headbutt | Double Strike | DRACONIC CRESCENDO | Draconiccrescendo | EPIC WISDOM | FREEDOM OF MOVEMENT | GOD, PARDON | Godpardon | Indomitability | INDOMITABLE RAGE | KINGDOM | kingdoms | Mandolin | NORTH SOUTH EAST WEST UP DOWN SOUTHWEST SOUTHEAST NORTHWEST NORTHEAST | Outdoor Sneak | Outdoorsneak | Raise shadow | RANDOBJ | RANDOM ""RANDOM EQUIMENT"" ""RANDOM MOB"" ""RANDOM ZONE"" | Random Equipment | Random zones | Shadow | SHADOW ARCHERY | Shadow Aura | Shadow Beast | Shadow Gate | Shadow Merging | Shadow Monster | SHADOW MOVEMENT | SHADOW PROJECTION | Shadow shield | Shadow Spawn | Shadow Travel | Shadow Vision | Shadowmage | SHADOWSTEP | SHUTDOW | SHUTDOWN | WISDOM",,143,ACHIEVEMENTS | Aid | Amaze | Artifact | Ask,
command_attribute,dodge,exact,docs/lib/information/command_attributes.txt:129,Dodge,Dodge,0,,
command_attribute,doh,missing,docs/lib/information/command_attributes.txt:842,,,0,,Duh
command_attribute,donate,missing,docs/lib/information/command_attributes.txt:844,,,0,,Detonate | Desolate | Innate
command_attribute,doorbash,exact,docs/lib/information/command_attributes.txt:846,Doorbash,Doorbash,0,,
command_attribute,doorkick,exact,docs/lib/information/command_attributes.txt:848,Doorkick,Doorkick,0,,
command_attribute,down,ambiguous,docs/lib/information/command_attributes.txt:850,NORTH SOUTH EAST WEST UP DOWN SOUTHWEST SOUTHEAST NORTHWEST NORTHEAST | SHUTDOWN,,101,ACID RAIN | Air magus | ANIMAE CICATRIX | Apocalypse | ARC,
command_attribute,drag,exact,docs/lib/information/command_attributes.txt:135,Drag | Dragon | DRAGON BREATH | DRAGON DISCIPLE | DRAGON PUNCH | DRAGON ROAR | DRAGON STRIKE | Dragonpunch | Dragoon | Dragoon Skills | Fist of Dragon | Mind of dragon | Red dragon | SKILL_DRAGOON | Song of Dragons | WINDRAGE,Drag,0,,
command_attribute,dragon punch,exact,docs/lib/information/command_attributes.txt:137,DRAGON PUNCH,DRAGON PUNCH,0,,
command_attribute,dragonbreath,missing,docs/lib/information/command_attributes.txt:853,,,0,,DRAGON BREATH | DRAGON ROAR | Dragon
command_attribute,dragonpunch,exact,docs/lib/information/command_attributes.txt:856,Dragonpunch,Dragonpunch,0,,
command_attribute,dragonroar,missing,docs/lib/information/command_attributes.txt:858,,,0,,DRAGON ROAR | Dragon | Dragoon
command_attribute,dragonstrike,missing,docs/lib/information/command_attributes.txt:861,,,0,,DRAGON STRIKE | VAPOR STRIKE | Dragon
command_attribute,drain,ambiguous,docs/lib/information/command_attributes.txt:866,DRAIN NATURE | Energy Drain,,28,Anti-Paladin | Anti-paladin Skills | Blighter | Blighter Skills | BLOOD REAVER,
command_attribute,dreadnaught,exact,docs/lib/information/command_attributes.txt:868,DREADNAUGHT,DREADNAUGHT,0,,
command_attribute,dream,exact,docs/lib/information/command_attributes.txt:870,Dark dreamer | Dream | Dream Travel,Dream,0,,
command_attribute,drink,exact,docs/lib/information/command_attributes.txt:872,Drink | EAT DRINK SIP TASTE,Drink,0,,
command_attribute,drool,exact,docs/lib/information/command_attributes.txt:874,Drool,Drool,0,,
command_attribute,drop,exact,docs/lib/information/command_attributes.txt:876,Drop,Drop,0,,
command_attribute,dropkick,missing,docs/lib/information/command_attributes.txt:878,,,1,Social actions,Doorkick | Roundkick | Rope Trick
command_attribute,duck,exact,docs/lib/information/command_attributes.txt:880,Duck,Duck,0,,
command_attribute,duh,exact,docs/lib/information/command_attributes.txt:882,Duh,Duh,0,,
command_attribute,dummy,missing,docs/lib/information/command_attributes.txt:884,,,0,,Mummify
command_attribute,east,ambiguous,docs/lib/information/command_attributes.txt:886,BEASTFORM | Beastmaster | Greater summon beast | NORTH SOUTH EAST WEST UP DOWN SOUTHWEST SOUTHEAST NORTHWEST NORTHEAST | Shadow Beast | SUMMON BEAST,,15,"Ashrumite | Brief Mode | Charing | CHARING ""CITY OF ELVES"" | Commands",
command_attribute,eat,exact,docs/lib/information/command_attributes.txt:889,"Breathe | BREATHE ""INNATE BREATHE"" | Breathe frost | CHEAT | Conjure Greater Elemental | Control Weather | Create dracolich | CREATE FOOD | Create Golem | Create greater dracolich | CREATE POND | Create Sound | Create Spring | CREATE WATER | Death | Death Blessing | DEATH CORPSE DYING | Death Field | Death Knight | Deathknight | Deathlord | DEATHOBJ | DRAGON BREATH | Eat | EAT DRINK SIP TASTE | Embrace Death | EXPEDITED RETREAT | EXPEDITIOUS RETREAT | Feign death | GOD, CHEATING | Godcheating | Great duris Week | Greater Earthen Grasp | Greater Ethereal Recharge | GREATER FLICKER | GREATER GUARDIAN WARD | Greater Heal Undead | GREATER LIVING STONE | Greater Mending | Greater Pythonsting | Greater Ravenflight | Greater soul disturbance | Greater Spirit Anguish | Greater Spirit Sight | Greater Spirit Ward | Greater summon beast | GREATER SUSTENANCE | Hand of Death | Minor creation | Potion of Greater Living Stone | Repeat | Retreat | UNDEATH TO DEATH | VOICE OF CREATION | WATER BREATHING | WATERBREATH | WEATHER",Eat,0,,
command_attribute,echo,exact,docs/lib/information/command_attributes.txt:891,"Echo | ECHO (IMMORTAL) | ECHOA | ECHOE | ECHOG | ECHOT | ECHOU | ECHOZ | GOD, ECHO | GOD, ECHOA | GOD, ECHOZ | Godecho | Godechoa | TOGGLE_ECHO",Echo,0,,
command_attribute,echoa,exact,docs/lib/information/command_attributes.txt:893,"ECHOA | GOD, ECHOA | Godechoa",ECHOA,0,,
command_attribute,echoe,exact,docs/lib/information/command_attributes.txt:895,ECHOE,ECHOE,0,,
command_attribute,echog,exact,docs/lib/information/command_attributes.txt:897,ECHOG,ECHOG,0,,
command_attribute,echot,exact,docs/lib/information/command_attributes.txt:899,ECHOT,ECHOT,0,,
command_attribute,echou,exact,docs/lib/information/command_attributes.txt:901,ECHOU,ECHOU,0,,
command_attribute,echoz,exact,docs/lib/information/command_attributes.txt:903,"ECHOZ | GOD, ECHOZ",ECHOZ,0,,
command_attribute,eek,ambiguous,docs/lib/information/command_attributes.txt:905,Cheek | Great duris Week,,0,,
command_attribute,ekiss,missing,docs/lib/information/command_attributes.txt:907,,,0,,Kiss | REPISS | DEPISS
command_attribute,embrace,partial,docs/lib/information/command_attributes.txt:909,Embrace Death,,8,AURA OF REBIRTH | Death | Deathlord | DIVINE POWER | Eat,
command_attribute,emote,exact,docs/lib/information/command_attributes.txt:911,"DEMOTE | Emote | GOD, DEMOTE | Goddemote",Emote,0,,
command_attribute,empty,missing,docs/lib/information/command_attributes.txt:913,,,15,"AERIAL CASTING | Construct | Forget | Gaze | GOD, PURGE",
command_attribute,enchant,exact,docs/lib/information/command_attributes.txt:915,Enchant | ENCHANT ARROWS | Enchant Weapon | Enchanter | WEAPON ENCHANTMENT,Enchant,0,,
command_attribute,encrust,exact,docs/lib/information/command_attributes.txt:917,Encrust,Encrust,0,,
command_attribute,enhance,ambiguous,docs/lib/information/command_attributes.txt:139,Enhance Agility | Enhance Armor | Enhance Constitution | Enhance Dexterity | Enhance Strength,,41,Agility | Anatomy | Armor | Armor Class | Attributes,
command_attribute,enter,exact,docs/lib/information/command_attributes.txt:919,Enter,Enter,0,,
command_attribute,envy,missing,docs/lib/information/command_attributes.txt:921,,,1,Social actions,
command_attribute,epardon,missing,docs/lib/information/command_attributes.txt:923,,,0,,"Godpardon | GOD, PARDON"
command_attribute,epic,exact,docs/lib/information/command_attributes.txt:925,Epic | EPIC AGILITY | Epic charisma | EPIC CONSTITUTION | EPIC DEXTERITY | EPIC INTELLIGENCE | EPIC LUCK | EPIC POWER | Epic skills | EPIC STRENGTH | Epic trophy | EPIC WARDING FAITH | EPIC WISDOM,Epic,0,,
command_attribute,epicreset,missing,docs/lib/information/command_attributes.txt:927,,,0,,ZRESET | SECRET | Priest
command_attribute,eqrate,exact,docs/lib/information/command_attributes.txt:929,EQRATE,EQRATE,0,,
command_attribute,equipment,exact,docs/lib/information/command_attributes.txt:931,Equipment | NAMED EQUIPMENT | Random Equipment,Equipment,0,,
command_attribute,esweep,missing,docs/lib/information/command_attributes.txt:933,,,0,,LEGSWEEP | Sleep
command_attribute,examine,exact,docs/lib/information/command_attributes.txt:935,Examine,Examine,0,,
command_attribute,exchange,exact,docs/lib/information/command_attributes.txt:938,Exchange | EXCHANGE BANKS BALANCE DEPOSIT WITHDRAW,Exchange,0,,
command_attribute,exhume,exact,docs/lib/information/command_attributes.txt:940,Exhume,Exhume,0,,
command_attribute,exits,exact,docs/lib/information/command_attributes.txt:942,Exits,Exits,0,,
command_attribute,exp,ambiguous,docs/lib/information/command_attributes.txt:944,EXPEDITED RETREAT | EXPEDITIOUS RETREAT | Experience | EXPERIENCE XP EXP LEVELS | EXPERT PARRY | EXPERT RIPOSTE | Potion of Explosives,,30,Army of Armageddon | Attribute | Avarne | Braddistock manor | Bullywug Village,
command_attribute,expkkk,missing,docs/lib/information/command_attributes.txt:946,,,0,,
command_attribute,extractlink,exact,docs/lib/information/command_attributes.txt:948,EXTRACTLINK,EXTRACTLINK,0,,
command_attribute,eyebrow,exact,docs/lib/information/command_attributes.txt:950,Eyebrow,Eyebrow,0,,
command_attribute,fade,exact,docs/lib/information/command_attributes.txt:952,FADE,FADE,0,,
command_attribute,faint,missing,docs/lib/information/command_attributes.txt:954,,,3,Gasp | LESSER GUARDIAN WARD | REPAIR ONE ITEM,TAINT | Pant | IINT
command_attribute,faq,exact,docs/lib/information/command_attributes.txt:956,faq,faq,0,,
command_attribute,fart,exact,docs/lib/information/command_attributes.txt:958,Fart,Fart,0,,
command_attribute,feign death,exact,docs/lib/information/command_attributes.txt:142,Feign death,Feign death,0,,
command_attribute,feigndeath,missing,docs/lib/information/command_attributes.txt:960,,,0,,Feign death | Lend Health | Death
command_attribute,fidget,missing,docs/lib/information/command_attributes.txt:962,,,1,Social actions,Get | Forget | Flight
command_attribute,fill,exact,docs/lib/information/command_attributes.txt:964,Fill,Fill,0,,
command_attribute,finger,exact,docs/lib/information/command_attributes.txt:966,"FINGER | GOD, FINGER | Godfinger",FINGER,0,,
command_attribute,fire,exact,docs/lib/information/command_attributes.txt:144,Elemental Plane of Fire | Faerie Fire | Fire | Fire Aura | Fire magus | Fire Ward | Fireball | FIRELANCE | Fireshield | Firestorm | Hellfire | NIVARDS WICKED FIREBRAND | Potion of Faerie Fire | Protection From Fire,Fire,0,,
command_attribute,firstaid,missing,docs/lib/information/command_attributes.txt:968,,,0,,First Aid | Raid | Fireshield
command_attribute,fish,ambiguous,docs/lib/information/command_attributes.txt:970,Fishing | Fishing pole,,3,Fishing | Fishing pole | Kuo toa,
command_attribute,fix,exact,docs/lib/information/command_attributes.txt:972,Fix,Fix,0,,
command_attribute,flame,exact,docs/lib/information/command_attributes.txt:974,Control Flames | Disperse Flames | Flame | Flame Blade | Flame mastery | Flame reaver | FLAME SPHERE | Flame strike | Flameburst | Mage Flame | WALL OF FLAMES,Flame,0,,
command_attribute,flank,exact,docs/lib/information/command_attributes.txt:154,Flank,Flank,0,,
command_attribute,flap,missing,docs/lib/information/command_attributes.txt:976,,,0,,Slap | Flip | Clap
command_attribute,flash,exact,docs/lib/information/command_attributes.txt:978,Flash,Flash,0,,
command_attribute,flee,exact,docs/lib/information/command_attributes.txt:156,CONTROL FLEE | Flee | Improved Flee,Flee,0,,
command_attribute,flex,exact,docs/lib/information/command_attributes.txt:980,Flex,Flex,0,,
command_attribute,flip,exact,docs/lib/information/command_attributes.txt:982,Flip,Flip,0,,
command_attribute,flirt,exact,docs/lib/information/command_attributes.txt:984,Flirt,Flirt,0,,
command_attribute,flurry of blows,exact,docs/lib/information/command_attributes.txt:160,Flurry of Blows,Flurry of Blows,0,,
command_attribute,flutter,exact,docs/lib/information/command_attributes.txt:986,Flutter,Flutter,0,,
command_attribute,fly,exact,docs/lib/information/command_attributes.txt:988,Fly | FLY (IMMORTAL) | Fly-eq | Mass Fly | Potion of Fly,Fly,0,,
command_attribute,focus,ambiguous,docs/lib/information/command_attributes.txt:990,Spacial Focus | SPATIAL FOCUS,,36,Bard | Berserker | Boiling blood | Caster | Chant,
command_attribute,follow,exact,docs/lib/information/command_attributes.txt:992,Follow | Follow-Up Riposte | ORDER FOLLOWERS | Sense Follower,Follow,0,,
command_attribute,fondle,exact,docs/lib/information/command_attributes.txt:994,Fondle,Fondle,0,,
command_attribute,fool,missing,docs/lib/information/command_attributes.txt:996,,,3,Heroism | ships | Social actions,Food | Drool
command_attribute,forage,exact,docs/lib/information/command_attributes.txt:162,Forage,Forage,0,,
command_attribute,force,exact,docs/lib/information/command_attributes.txt:998,"Dispel Lifeforce | FORCE | GOD, FORCE | Godforce | WALL OF FORCE",FORCE,0,,
command_attribute,forge,exact,docs/lib/information/command_attributes.txt:1000,Battle-forger | Forge | FORGE FORGING | Forget | MEMORIZE PRAY FORGET | Song of Forgetfulness,Forge,0,,
command_attribute,forget,exact,docs/lib/information/command_attributes.txt:1002,Forget | MEMORIZE PRAY FORGET | Song of Forgetfulness,Forget,0,,
command_attribute,fraglist,missing,docs/lib/information/command_attributes.txt:1004,,,2,Frag | REDIS,RLIST | Frags | List
command_attribute,free,ambiguous,docs/lib/information/command_attributes.txt:1006,"FREEDOM OF MOVEMENT | FREEZE | GOD, FREEZE | Godfreeze",,29,ACHIEVEMENTS | Bind | CHARM PERSON | CURSED ARROWS | DRAGON BREATH,
command_attribute,freeze,exact,docs/lib/information/command_attributes.txt:1008,"FREEZE | GOD, FREEZE | Godfreeze",FREEZE,0,,
command_attribute,french,exact,docs/lib/information/command_attributes.txt:1010,French,French,0,,
command_attribute,froth,missing,docs/lib/information/command_attributes.txt:1012,,,0,,Fart
command_attribute,frown,exact,docs/lib/information/command_attributes.txt:1014,Frown,Frown,0,,
command_attribute,full,ambiguous,docs/lib/information/command_attributes.txt:1016,Full Harm | Full heal,,71,Accelerated healing | ACIDIMMOLATE | Afk | AFK BRB BBL | Alchemist Recipe,
command_attribute,fume,exact,docs/lib/information/command_attributes.txt:1018,Fume,Fume,0,,
command_attribute,fuzzy,missing,docs/lib/information/command_attributes.txt:1020,,,2,Gag | Social actions,
command_attribute,gag,exact,docs/lib/information/command_attributes.txt:1022,Disengage | Gag,Gag,0,,
command_attribute,gape,missing,docs/lib/information/command_attributes.txt:1024,,,1,Social actions,Gaze | Gate | Gasp
command_attribute,garrote,exact,docs/lib/information/command_attributes.txt:167,GARROTE,GARROTE,0,,
command_attribute,gasp,exact,docs/lib/information/command_attributes.txt:1026,Gasp,Gasp,0,,
command_attribute,gather,missing,docs/lib/information/command_attributes.txt:1028,,,8,French | GREATER GUARDIAN WARD | Immortals | IMMORTALS GODS | Ingredients,Gate | WEATHER | WITHER
command_attribute,gawk,missing,docs/lib/information/command_attributes.txt:1030,,,0,,
command_attribute,gaze,exact,docs/lib/information/command_attributes.txt:169,Gaze,Gaze,0,,
command_attribute,gcc,exact,docs/lib/information/command_attributes.txt:1032,Gcc,Gcc,0,,
command_attribute,get,exact,docs/lib/information/command_attributes.txt:1034,Forget | Get | GET TAKE | MEMORIZE PRAY FORGET | Song of Forgetfulness,Get,0,,
command_attribute,ghug,missing,docs/lib/information/command_attributes.txt:1036,,,0,,Hug | THUG | Shrug
command_attribute,giggle,exact,docs/lib/information/command_attributes.txt:1038,Giggle,Giggle,0,,
command_attribute,give,exact,docs/lib/information/command_attributes.txt:1040,Give | GIVEPET,Give,0,,
command_attribute,givepet,exact,docs/lib/information/command_attributes.txt:1042,GIVEPET,GIVEPET,0,,
command_attribute,glance,exact,docs/lib/information/command_attributes.txt:1044,Glance,Glance,0,,
command_attribute,glare,exact,docs/lib/information/command_attributes.txt:1046,Glare,Glare,0,,
command_attribute,glee,missing,docs/lib/information/command_attributes.txt:1048,,,1,Cackle,Flee | Sleep | Level
command_attribute,glum,missing,docs/lib/information/command_attributes.txt:1050,,,0,,
command_attribute,gmotd,exact,docs/lib/information/command_attributes.txt:1052,Gmotd,Gmotd,0,,
command_attribute,goose,exact,docs/lib/information/command_attributes.txt:1054,Goose,Goose,0,,
command_attribute,goto,exact,docs/lib/information/command_attributes.txt:1056,"GOD, GOTO | Godgoto | GOTO",GOTO,0,,
command_attribute,grab,partial,docs/lib/information/command_attributes.txt:1058,GRAB HOLD,,14,Capture | Commands | Dirttoss | DIRTTOSS TOSS | GRAB HOLD,
command_attribute,grant,exact,docs/lib/information/command_attributes.txt:1060,"GOD, GRANT | Godgrant | Grant",Grant,0,,
command_attribute,grenade,missing,docs/lib/information/command_attributes.txt:1062,,,0,,RENAME | Grease | Read
command_attribute,grimace,missing,docs/lib/information/command_attributes.txt:1064,,,0,,Races
command_attribute,grin,exact,docs/lib/information/command_attributes.txt:1066,Grin,Grin,0,,
command_attribute,groan,exact,docs/lib/information/command_attributes.txt:1068,Groan,Groan,0,,
command_attribute,grope,exact,docs/lib/information/command_attributes.txt:1070,Grope,Grope,0,,
command_attribute,ground,ambiguous,docs/lib/information/command_attributes.txt:1072,Ethereal grounds | GROUND CASTING | Groundfighting | GROUNDSLAM,,79,AERIAL COMBAT | BLOODSTONE | Bodyslam | Bounce | Bullywug Village,
command_attribute,groundslam,exact,docs/lib/information/command_attributes.txt:175,GROUNDSLAM,GROUNDSLAM,0,,
command_attribute,group,exact,docs/lib/information/command_attributes.txt:1074,"Group | Group Globe of Invulnerability | GROUP HASTE | Group heal | Group Recall | Group Stone Skin | Group stornogs spheres | GROUP TELEPORT | NEW-COMBAT ""NEW COMBAT"" ""GROUP RANKS"" RANKS ""FRONT RANK"" ""BACK RANK"" | TOGGLE_GROUP NEEDED",Group,0,,
command_attribute,grovel,exact,docs/lib/information/command_attributes.txt:1076,Grovel,Grovel,0,,
command_attribute,growl,exact,docs/lib/information/command_attributes.txt:1078,Growl,Growl,0,,
command_attribute,grumble,missing,docs/lib/information/command_attributes.txt:1080,,,1,Social actions,Rules
command_attribute,grunt,missing,docs/lib/information/command_attributes.txt:1082,,,1,Social actions,Grant | Rent | Grin
command_attribute,gsay,exact,docs/lib/information/command_attributes.txt:1084,Gsay,Gsay,0,,
command_attribute,gshout,exact,docs/lib/information/command_attributes.txt:1086,"GOD, GSHOUT | Godgshout | GSHOUT",GSHOUT,0,,
command_attribute,guard,exact,docs/lib/information/command_attributes.txt:193,Blackguard | GREATER GUARDIAN WARD | Guard | Guardian | GUARDIAN SPIRITS | GUARDIAN WARD | Highlord Guardian | LESSER GUARDIAN WARD,Guard,0,,
command_attribute,guffaw,missing,docs/lib/information/command_attributes.txt:1088,,,0,,
command_attribute,guildhall,exact,docs/lib/information/command_attributes.txt:1090,Guildhall | GUILDHALLS,Guildhall,0,,
command_attribute,gulp,missing,docs/lib/information/command_attributes.txt:1092,,,0,,Guild | Group
command_attribute,halo,missing,docs/lib/information/command_attributes.txt:1094,,,0,,Heal | HEADLOCK | ALLOW
command_attribute,hamstring,exact,docs/lib/information/command_attributes.txt:177,Hamstring,Hamstring,0,,
command_attribute,hand,ambiguous,docs/lib/information/command_attributes.txt:1096,Bigbys Crushing Hand | Burning Hands | Hand of Death | Lay hands,,57,1h Bludgeon | 1h flaying | 1h Piercing | 1h slashing | Applaud,
command_attribute,hangover,missing,docs/lib/information/command_attributes.txt:1098,,,0,,Ranger | Hunger
command_attribute,happy,missing,docs/lib/information/command_attributes.txt:1100,,,6,Epic charisma | Quest | ships | Skip | Social actions,Harpy | Harp
command_attribute,hardcore,exact,docs/lib/information/command_attributes.txt:1102,Hardcore,Hardcore,0,,
command_attribute,harvest,missing,docs/lib/information/command_attributes.txt:1104,,,5,CALENDAR MONTHS | KINGDOM | kingdoms | LIFE LEECH | Months,Rest | Haste | Carve
command_attribute,hcuff,missing,docs/lib/information/command_attributes.txt:1106,,,0,,
command_attribute,headbutt,exact,docs/lib/information/command_attributes.txt:180,AREA HEADBUTT | Double headbutt | Headbutt,Headbutt,0,,
command_attribute,headlock,exact,docs/lib/information/command_attributes.txt:188,HEADLOCK,HEADLOCK,0,,
command_attribute,hello,missing,docs/lib/information/command_attributes.txt:1108,,,1,AT,Sell | Hero | Help
command_attribute,help,exact,docs/lib/information/command_attributes.txt:1110,"GOD, WIZHELP | Godwizhelp | Help | help advanced | help commands | WIZHELP",Help,0,,
command_attribute,hero,exact,docs/lib/information/command_attributes.txt:1112,Hero | Heroism | ROAR OF HEROES | Song of heroism,Hero,0,,
command_attribute,heroescall,missing,docs/lib/information/command_attributes.txt:1114,,,0,,Recall | Rescueall | RESCUE ALL
command_attribute,hi5,exact,docs/lib/information/command_attributes.txt:1116,Hi5,Hi5,0,,
command_attribute,hiccup,exact,docs/lib/information/command_attributes.txt:1118,Hiccup,Hiccup,0,,
command_attribute,hickey,missing,docs/lib/information/command_attributes.txt:1120,,,0,,
command_attribute,hide,exact,docs/lib/information/command_attributes.txt:202,Hide,Hide,0,,
command_attribute,hire,missing,docs/lib/information/command_attributes.txt:1122,,,5,KINGDOM | kingdoms | Mercenary | Ship crews | SHIP_CREWS,Hide | Fire | WHERE
command_attribute,hiss,exact,docs/lib/information/command_attributes.txt:1124,Hiss,Hiss,0,,
command_attribute,hit,exact,docs/lib/information/command_attributes.txt:206,Hit | Hitall | Hitpoints | Hitroll | KILL HIT MURDER | WHITELIST,Hit,0,,
command_attribute,hitall,exact,docs/lib/information/command_attributes.txt:208,Hitall,Hitall,0,,
command_attribute,hitch,missing,docs/lib/information/command_attributes.txt:1126,,,0,,WHICH | Hit | SWITCH
command_attribute,hlist,exact,docs/lib/information/command_attributes.txt:1128,HLIST,HLIST,0,,
command_attribute,hmm,missing,docs/lib/information/command_attributes.txt:1130,,,0,,Hammer
command_attribute,hold,exact,docs/lib/information/command_attributes.txt:1132,Githzerai stronghold | GRAB HOLD | Hold,Hold,0,,
command_attribute,holdon,missing,docs/lib/information/command_attributes.txt:1134,,,1,Social actions,Hold
command_attribute,holy smite,exact,docs/lib/information/command_attributes.txt:210,HOLY SMITE,HOLY SMITE,0,,
command_attribute,home,exact,docs/lib/information/command_attributes.txt:1136,"Divine Home | GOD, SETHOME | Godsethome | Home | Hometown | HOMETOWN HOMETOWNS | SETHOME",Home,0,,
command_attribute,hone,partial,docs/lib/information/command_attributes.txt:1138,Hone weapon,,1,Hone weapon,
command_attribute,hop,exact,docs/lib/information/command_attributes.txt:1140,Hop | Shops | SHOPS SHOPKEEPER,Hop,0,,
command_attribute,hose,missing,docs/lib/information/command_attributes.txt:1142,,,0,,Rose | Pose | Nose
command_attribute,house,partial,docs/lib/information/command_attributes.txt:1144,s_Wayhouse',,7,Auction | Auction Bid | Auction List | Auction Pickup | CALL LIBERATOR,
command_attribute,howl,missing,docs/lib/information/command_attributes.txt:1146,,,1,Bark,Hold | THROW | Growl
command_attribute,hug,exact,docs/lib/information/command_attributes.txt:1148,Bearhug | Hug | THUG,Hug,0,,
command_attribute,hum,ambiguous,docs/lib/information/command_attributes.txt:1150,Exhume | Human,,1,Social actions,
command_attribute,hump,missing,docs/lib/information/command_attributes.txt:1152,,,0,,Jump | Human
command_attribute,hunger,exact,docs/lib/information/command_attributes.txt:1154,Hunger,Hunger,0,,
command_attribute,icecube,missing,docs/lib/information/command_attributes.txt:1156,,,0,,
command_attribute,idea,exact,docs/lib/information/command_attributes.txt:1158,BUG IDEA TYPO | Idea,Idea,0,,
command_attribute,ignore,exact,docs/lib/information/command_attributes.txt:1160,Ignore,Ignore,0,,
command_attribute,imitate,missing,docs/lib/information/command_attributes.txt:1162,,,1,Social actions,Meditate | Assimilate | Levitate
command_attribute,impale,exact,docs/lib/information/command_attributes.txt:1164,Impale,Impale,0,,
command_attribute,info,ambiguous,docs/lib/information/command_attributes.txt:1166,Auction Info | Duris Information | TOGGLE_WEBINFO,,13,Auction | Auction Info | Craft | FINGER | Forge,
command_attribute,infuriate,exact,docs/lib/information/command_attributes.txt:212,INFURIATE,INFURIATE,0,,
command_attribute,infuse,ambiguous,docs/lib/information/command_attributes.txt:1168,INFUSE LIFE | INFUSE MAGICAL DEVICE,,26,ARMAGEDDON | Bard | Blighter | CEGILUNES SEARING BLADE | Cleric,
command_attribute,ingame,exact,docs/lib/information/command_attributes.txt:1170,"GOD, INGAME | Godingame | INGAME",INGAME,0,,
command_attribute,innate,exact,docs/lib/information/command_attributes.txt:1172,"BREATHE ""INNATE BREATHE"" | FLURRY ""INNATE FLURRY"" | Innate | Innate disappear | Innate horse body",Innate,0,,
command_attribute,inroom,exact,docs/lib/information/command_attributes.txt:1174,"GOD, INROOM | Godinroom | INROOM",INROOM,0,,
command_attribute,instacast,exact,docs/lib/information/command_attributes.txt:1176,INSTACAST,INSTACAST,0,,
command_attribute,insult,exact,docs/lib/information/command_attributes.txt:1179,Insult,Insult,0,,
command_attribute,introduce,exact,docs/lib/information/command_attributes.txt:1181,INTRODUCE,INTRODUCE,0,,
command_attribute,inventory,exact,docs/lib/information/command_attributes.txt:1183,Inventory,Inventory,0,,
command_attribute,invite,exact,docs/lib/information/command_attributes.txt:1187,INVITE | UNINVITE,INVITE,0,,
command_attribute,itemmana,missing,docs/lib/information/command_attributes.txt:1185,,,0,,Vitalize Mana | Mana
command_attribute,jam,exact,docs/lib/information/command_attributes.txt:1189,Jam,Jam,0,,
command_attribute,jchat,missing,docs/lib/information/command_attributes.txt:1191,,,0,,Nchat | CHEAT | Chant
command_attribute,jeer,missing,docs/lib/information/command_attributes.txt:1193,,,0,,Peer | Beer | Sneer
command_attribute,jig,missing,docs/lib/information/command_attributes.txt:1195,,,0,,Dig
command_attribute,jin touch,exact,docs/lib/information/command_attributes.txt:214,JIN TOUCH,JIN TOUCH,0,,
command_attribute,jk,exact,docs/lib/information/command_attributes.txt:1197,Jk,Jk,0,,
command_attribute,join,missing,docs/lib/information/command_attributes.txt:1199,,,11,"Charing | CHARING ""CITY OF ELVES"" | Guild | GUILD GUILDS ASSOCIATIONS CLANS | help advanced",Point | Coins
command_attribute,jump,exact,docs/lib/information/command_attributes.txt:1201,Jump | SPIRIT JUMP,Jump,0,,
command_attribute,junk,missing,docs/lib/information/command_attributes.txt:1203,,,0,,Jk
command_attribute,kick,exact,docs/lib/information/command_attributes.txt:219,Doorkick | Kick | Roundkick,Kick,0,,
command_attribute,kill,exact,docs/lib/information/command_attributes.txt:1205,Alchemist Skills | Anti-paladin Skills | Assassin Skills | Avenger Skills | Bard Skills | Berserker Skills | Blighter Skills | Cleric Skills | Conjurer Skills | Dragoon Skills | Dreadlord Skills | Druid Skills | Epic skills | Ethermancer Skills | Illusionist Skills | Instant Kill | Kill | KILL HIT MURDER | Mercenary Skills | MindFlayer Skills | Monk Skills | Necromancer Skills | Paladin Skills | Pkill | Power word kill | Psionicist Skills | RACEWARS PKILL PLAYERKILL | Ranger Skills | Reaver Skills | Rogue Skills | Shaman Skills | Skill | SKILL_ALCHEMIST | SKILL_ANTI-PALADIN | SKILL_ASSASSIN | SKILL_AVENGER | SKILL_BARD | SKILL_BERSERKER | SKILL_BLIGHTER | SKILL_CLERIC | SKILL_CONJURER | SKILL_DRAGOON | SKILL_DREADLORD | SKILL_DRUID | SKILL_ETHERMANCER | SKILL_ILLUSIONIST | SKILL_MERCENARY | SKILL_MINDFLAYER | SKILL_MONK | SKILL_NECROMANCER | SKILL_PALADIN | SKILL_PIPER | SKILL_PSIONICIST | SKILL_RANGER | SKILL_REAVER | SKILL_ROGUE | SKILL_SHAMAN | SKILL_SORCERER | SKILL_SUMMONER | SKILL_THEURGIST | SKILL_THIEF | SKILL_WARLOCK | SKILL_WARRIOR | Skillpiper | Skills | Sorcerer Skills | Summoner Skills | Theurgist Skills | Thief Skills | Warlock Skills | Warrior Skills,Kill,0,,
command_attribute,kingdom,exact,docs/lib/information/command_attributes.txt:1207,KINGDOM | kingdoms,KINGDOM,0,,
command_attribute,kiss,exact,docs/lib/information/command_attributes.txt:1209,Kiss,Kiss,0,,
command_attribute,kneel,exact,docs/lib/information/command_attributes.txt:1211,Kneel | WAKE REST SIT STAND KNEEL RECLINE ALERT,Kneel,0,,
command_attribute,knock,exact,docs/lib/information/command_attributes.txt:1213,KNOCK,KNOCK,0,,
command_attribute,lag,exact,docs/lib/information/command_attributes.txt:1215,"Bullywug Village | GOD, PFLAGS | Godpflags | Lag | Link Lag | Plague",Lag,0,,
command_attribute,lance charge,exact,docs/lib/information/command_attributes.txt:224,Lance Charge,Lance Charge,0,,
command_attribute,laugh,exact,docs/lib/information/command_attributes.txt:1217,Laugh,Laugh,0,,
command_attribute,lay hands,exact,docs/lib/information/command_attributes.txt:233,Lay hands,Lay hands,0,,
command_attribute,layhand,missing,docs/lib/information/command_attributes.txt:1219,,,0,,Lay hands
command_attribute,leaderboard,exact,docs/lib/information/command_attributes.txt:1222,LEADERBOARD,LEADERBOARD,0,,
command_attribute,lean,missing,docs/lib/information/command_attributes.txt:1224,,,1,Social actions,PLEASANT | Lifespan | LEARNING
command_attribute,leglock,exact,docs/lib/information/command_attributes.txt:236,LEGLOCK,LEGLOCK,0,,
command_attribute,legsweep,exact,docs/lib/information/command_attributes.txt:243,LEGSWEEP,LEGSWEEP,0,,
command_attribute,levels,exact,docs/lib/information/command_attributes.txt:1226,"EXPERIENCE XP EXP LEVELS | GOD, LEVELS | Godlevels | LEVELS",LEVELS,0,,
command_attribute,lflags,missing,docs/lib/information/command_attributes.txt:1228,,,0,,Frags | Flash | Lag
command_attribute,lick,exact,docs/lib/information/command_attributes.txt:1230,Flicker | GREATER FLICKER | Lick,Lick,0,,
command_attribute,list,exact,docs/lib/information/command_attributes.txt:1232,Animalist | ASCLIST | Auction List | Ballistic Attack | Elementalist | HLIST | IMPROVED LISTEN | List | Listen | MLIST | OLIST | RANGE SPECIALIST | Rangespecialist | RLIST | Ship list | SHIP_LIST | SPEC_LIST | Speclist | SPIRITUALIST | WHITELIST | WIZLIST | ZLIST,List,0,,
command_attribute,listen,exact,docs/lib/information/command_attributes.txt:249,IMPROVED LISTEN | Listen,Listen,0,,
command_attribute,load,exact,docs/lib/information/command_attributes.txt:1234,"GOD, LOAD | Godload | LOAD | Rareload | SHIP_COMMANDS DISEMBARK REPAIR RELOAD | Sload",LOAD,0,,
command_attribute,lock,exact,docs/lib/information/command_attributes.txt:1236,"Arcane block | ARMLOCK | GOD, WIZLOCK | Godwizlock | HEADLOCK | LEGLOCK | Lock | Locker | LOCKER STORAGE | Memory block | OPEN CLOSE LOCK UNLOCK | PETITION_BLOCK | Pick Lock | PICK LOCKS | Shield Block | SKILL_WARLOCK | Warlock | Warlock Skills | WIZLOCK",Lock,0,,
command_attribute,look,exact,docs/lib/information/command_attributes.txt:1238,"GOD, LOOKUP | Godlookup | Look | LOOKUP | Ship looks | SHIP_LOOKS",Look,0,,
command_attribute,lookup,exact,docs/lib/information/command_attributes.txt:1240,"GOD, LOOKUP | Godlookup | LOOKUP",LOOKUP,0,,
command_attribute,lore,exact,docs/lib/information/command_attributes.txt:1242,ITEM LORE | Legend Lore | Lore,Lore,0,,
command_attribute,lost,exact,docs/lib/information/command_attributes.txt:1244,Lost,Lost,0,,
command_attribute,lotus,missing,docs/lib/information/command_attributes.txt:1246,,,0,,Lost | Loot
command_attribute,love,exact,docs/lib/information/command_attributes.txt:1248,Love,Love,0,,
command_attribute,lucky,exact,docs/lib/information/command_attributes.txt:1250,Lucky,Lucky,0,,
command_attribute,lwitness,missing,docs/lib/information/command_attributes.txt:1252,,,0,,Slowness | Blindness
command_attribute,mahvelous,missing,docs/lib/information/command_attributes.txt:1254,,,0,,
command_attribute,mail,missing,docs/lib/information/command_attributes.txt:1256,,,3,Blighter | Dragoon | Warrior,WAIL | MAUL | Smile
command_attribute,maim,missing,docs/lib/information/command_attributes.txt:1258,,,0,,Magic
command_attribute,make,ambiguous,docs/lib/information/command_attributes.txt:1260,MAKEEXIT | MAKEGUIDE,,90,Aggr | AGGR AGGRESSIVE | Alchemist | Alignment | Armor Class,
command_attribute,makeexit,exact,docs/lib/information/command_attributes.txt:1262,MAKEEXIT,MAKEEXIT,0,,
command_attribute,makeguide,exact,docs/lib/information/command_attributes.txt:1264,MAKEGUIDE,MAKEGUIDE,0,,
command_attribute,mangle,exact,docs/lib/information/command_attributes.txt:252,Mangle,Mangle,0,,
command_attribute,map,exact,docs/lib/information/command_attributes.txt:1266,Map | MAP (IMMORTAL) | Map Objects | TOGGLE_MAP | TOGGLE_SHIP MAP,Map,0,,
command_attribute,mapglyphs,missing,docs/lib/information/command_attributes.txt:1268,,,0,,
command_attribute,massage,exact,docs/lib/information/command_attributes.txt:1270,Massage,Massage,0,,
command_attribute,maul,exact,docs/lib/information/command_attributes.txt:256,Earthen Maul | MAUL | Mauler,MAUL,0,,
command_attribute,meditate,exact,docs/lib/information/command_attributes.txt:1272,Meditate,Meditate,0,,
command_attribute,melt,exact,docs/lib/information/command_attributes.txt:1274,Melt | Smelt | Smelting,Melt,0,,
command_attribute,memorize,exact,docs/lib/information/command_attributes.txt:1276,Memorize | MEMORIZE PRAY FORGET,Memorize,0,,
command_attribute,meow,missing,docs/lib/information/command_attributes.txt:1278,,,0,,Hometown
command_attribute,mine,exact,docs/lib/information/command_attributes.txt:262,Examine | Mine,Mine,0,,
command_attribute,mix,exact,docs/lib/information/command_attributes.txt:266,Mix | MIX MIXING | Mixing | MIXPOISON | Remix,Mix,0,,
command_attribute,mixpoison,exact,docs/lib/information/command_attributes.txt:1280,MIXPOISON,MIXPOISON,0,,
command_attribute,mlist,exact,docs/lib/information/command_attributes.txt:1282,MLIST,MLIST,0,,
command_attribute,mmmm,missing,docs/lib/information/command_attributes.txt:1284,,,0,,
command_attribute,moan,exact,docs/lib/information/command_attributes.txt:1286,Moan,Moan,0,,
command_attribute,monkey,exact,docs/lib/information/command_attributes.txt:1288,Monkey,Monkey,0,,
command_attribute,mooch,missing,docs/lib/information/command_attributes.txt:1290,,,0,,Mosh | Moon
command_attribute,moon,exact,docs/lib/information/command_attributes.txt:1292,Moon | Moonhollow | Moonstone | Moonwell,Moon,0,,
command_attribute,more,missing,docs/lib/information/command_attributes.txt:1294,,,409,Accuse | Ack | Adrenaline Control | Agree | Alignment,Ogre | Lore | Snore
command_attribute,mosh,exact,docs/lib/information/command_attributes.txt:1296,Mosh,Mosh,0,,
command_attribute,motd,exact,docs/lib/information/command_attributes.txt:1298,Gmotd | Motd,Motd,0,,
command_attribute,mount,exact,docs/lib/information/command_attributes.txt:1300,Mount | Mount Banishment Guides | MOUNT RIDE DISMOUNT BUCK | Mountain dwarf | Mounted combat | SUMMON MOUNT,Mount,0,,
command_attribute,mourn,exact,docs/lib/information/command_attributes.txt:1302,Mourn,Mourn,0,,
command_attribute,move,ambiguous,docs/lib/information/command_attributes.txt:1304,FREEDOM OF MOVEMENT | Moves | Remove | Remove Curse | Remove Poison | SHADOW MOVEMENT | Ship movement | SHIP_MOVEMENT | TRAPREMOVE,,53,Acid stream | ARTIFACTS | Bind | Channel | Cr,
command_attribute,moving,missing,docs/lib/information/command_attributes.txt:1306,,,21,"2H BLUDGEON | Cramped | Drow elf | Earthen Grasp | GOD, CHEATING",Mixing
command_attribute,mreport,exact,docs/lib/information/command_attributes.txt:1308,MREPORT,MREPORT,0,,
command_attribute,mug,exact,docs/lib/information/command_attributes.txt:270,MUG,MUG,0,,
command_attribute,muhaha,missing,docs/lib/information/command_attributes.txt:1310,,,0,,
command_attribute,multiclass,exact,docs/lib/information/command_attributes.txt:1312,Multiclass,Multiclass,0,,
command_attribute,mumble,missing,docs/lib/information/command_attributes.txt:1314,,,0,,Mauler
command_attribute,murder,partial,docs/lib/information/command_attributes.txt:1316,KILL HIT MURDER,,8,Aggr | AGGR AGGRESSIVE | Assassin | GARROTE | Hit,
command_attribute,mutter,missing,docs/lib/information/command_attributes.txt:1318,,,2,Autosaving... | Social actions,Flutter | Sitter | Mauler
command_attribute,mwalk,missing,docs/lib/information/command_attributes.txt:1320,,,0,,Warlock | WAIL | MAUL
command_attribute,nafk,missing,docs/lib/information/command_attributes.txt:1322,,,0,,Afk | Sneak
command_attribute,nails,partial,docs/lib/information/command_attributes.txt:1324,Snailspeed,,0,,
command_attribute,namedreport,exact,docs/lib/information/command_attributes.txt:1326,NAMEDREPORT,NAMEDREPORT,0,,
command_attribute,nap,ambiguous,docs/lib/information/command_attributes.txt:1328,Cold snap | NAPALM | Potion of Napalm | Snap,,1,Social actions,
command_attribute,nasty,missing,docs/lib/information/command_attributes.txt:1330,,,8,Apocalypse | Doorbash | Enslaver | faq | Holy Word,Cast | Anatomy
command_attribute,nchat,exact,docs/lib/information/command_attributes.txt:1332,Nchat | TOGGLE_NCHAT,Nchat,0,,
command_attribute,ne,ambiguous,docs/lib/information/command_attributes.txt:1334,"Adrenaline Control | Alter Energy Polarity | Aravne guides | Arcane block | Arcane Riposte | Arcane Whirlwind | Astral plane | ATONEMENT | Avarne | Awareness | Blindness | Blood to stone | BLOODSTONE | CEGILUNES SEARING BLADE | Channel | Channel Negative Energy | Channeler | CLONE | Clone form | Commune | Cone of Cold | Cyclone | Darkness | DECLINE | Dirge of Bones | Divine Blessing | DIVINE FONT | DIVINE FURY | Divine Home | DIVINE POWER | Divine Warding | Divine/Cerberus pits Guides | Divinefury | EDICTUM CINERIS | Elemental Plane of Air | Elemental Plane of Earth | Elemental Plane of Fire | Elemental Plane of Water | Energy containment | Energy Drain | ENERVATION | Ethereal Plane | Examine | Funereal Hymn | Globe of Darkness | Globe of Invulnerability | GOD, CLONE | Godclone | GREATER LIVING STONE | Group Globe of Invulnerability | Group Stone Skin | Hone weapon | Hurricane | IGNEUS VITAE | Inertial Barrier | Invoke Negative Energy | IOUN STONES | Kneel | LANCEA CINERALAE | LIVING STONE | Lodestone vision | Mine | Minor Globe of Invulnerability | Moonstone | MORDENKAINENS LUCUBRATION | MUNDANE LIFE | Mundanelife | Neckbite | Necrolyte | Necromancer | Necromancer Skills | Negative Concussion Blast | Negative Energy Barrier | Negative Energy Vortex | NEGATIVE FEEDBACK BARRIER | Neth_Guides' | Nether Gate | Nether Touch | Neutral point of view | New Player Guides | NEW-COMBAT ""NEW COMBAT"" ""GROUP RANKS"" RANKS ""FRONT RANK"" ""BACK RANK"" | Newbie | NEWBIE (IMMORTAL) | Newbie guides | NEWBSA | NEWBSU | NEWCHAR | Newhaven | Newhaven Guides | News | Nonexistence | OBTENEBRATION | OFFLINEMSG | Outdoor Sneak | Outdoorsneak | Pine hollows | Plane shift | Planetary alignment | Planetbound Illithid | Potion of Greater Living Stone | Potion of Living Stone | Potion of Slowness | PYROKINESES | Pyrokinesis | Pyrokinetic | RANDOM ""RANDOM EQUIMENT"" ""RANDOM MOB"" ""RANDOM ZONE"" | Random zones | Recline | REFINE | Regenerate | Regeneration | REPAIR ONE ITEM | Runestone | Sense Holiness | Sense Weakness | Shrewtameness | SIGILLUM NEGATI | SKILL_NECROMANCER | SKILL_SUMMONER | SLASHING DARKNESS | Slowness | Sneak | SNEAKY STRIKE | Sneer | Sneeze | Song of Forgetfulness | SPELL PENETRATION | SQUERRIKS SNEAKY WAYS | STONE SKIN | Summoner | Summoner Skills | SWITCH OPPONENTS | TOGGLE_GROUP NEEDED | TOGGLE_HINT CHANNEL | TOUGHNESS | TRANSFER WELLNESS | UD-SNEAK ""UD SNEAK"" | VINES | WAKE REST SIT STAND KNEEL RECLINE ALERT | WALL OF BONES | WALL OF STONE | WELLNESS | WIND TUNNEL | WIZCONNECT | ZONE GOD | ZONES",,3,North | NORTH SOUTH EAST WEST UP DOWN SOUTHWEST SOUTHEAST NORTHWEST NORTHEAST | Ship commands,
command_attribute,neckbite,exact,docs/lib/information/command_attributes.txt:1337,Neckbite,Neckbite,0,,
command_attribute,newbie,exact,docs/lib/information/command_attributes.txt:1339,Newbie | NEWBIE (IMMORTAL) | Newbie guides,Newbie,0,,
command_attribute,newbsa,exact,docs/lib/information/command_attributes.txt:1341,NEWBSA,NEWBSA,0,,
command_attribute,newbsu,exact,docs/lib/information/command_attributes.txt:1343,NEWBSU,NEWBSU,0,,
command_attribute,newchar,exact,docs/lib/information/command_attributes.txt:1345,NEWCHAR,NEWCHAR,0,,
command_attribute,news,exact,docs/lib/information/command_attributes.txt:1347,News,News,0,,
command_attribute,newsteal,missing,docs/lib/information/command_attributes.txt:431,,,1,News,STEAL | NEWBSA | News
command_attribute,nexus,missing,docs/lib/information/command_attributes.txt:1349,,,1,Nova,News
command_attribute,ni,ambiguous,docs/lib/information/command_attributes.txt:1351,"ANIMAE CICATRIX | Animal Friendship | Animal Growth | Animal sphere | Animal Vision | Animalist | Animate Dead | Astral Affinity | Banish | Burning Hands | CALL BRALANI | CALL KNIGHT | Call lightning | Cannibalize | Chain Lightning | Charm Animal | Communications | COMMUNICATIONS UTILITIES | Dark knight | Death Knight | Deathknight | Demonic rider | Disharmonist | DRACONIC APOTHEOSIS | DRACONIC CRESCENDO | Draconiccrescendo | Elemental Affinity | Forked Lightning | GIRILALS GRANITE HAMMER | GOD, LIGHTNING | GOD, REINITPHYS | Godlightning | Godreinitphys | Harmonic resonance | Illusionist | Illusionist Skills | Knight | LEARNING | Lightning Bolt | Lightning Curtain | Lightning Ring | LIGHTNING SHIELD | Mount Banishment Guides | Nibble | Nightmare | NITROGEN | NIVARDS WICKED FIREBRAND | Opal Phoenix | Panic | Potion of Nitrogen | Protection from animals | Protection From Lightning | Psionic Cloud | PSIONIC WAVE BLAST | Psionicist | Psionicist Skills | PUNISH | REINITPHYS | SANCTUM DRACONIS | SANGUINIS IGNIS | SKILL_ILLUSIONIST | SKILL_PSIONICIST | Snicker | Sniff | Song of the Night | STIGMATA DRACONICA | STUNNING VISIONS | THROW LIGHTNING | UNINVITE | UNIQUES | VANISH",,0,,
command_attribute,nibble,exact,docs/lib/information/command_attributes.txt:1353,Nibble,Nibble,0,,
command_attribute,nod,exact,docs/lib/information/command_attributes.txt:1355,Nod,Nod,0,,
command_attribute,nog,exact,docs/lib/information/command_attributes.txt:1357,Group stornogs spheres | Nog | STORNOGS METAMAGIC SHROUD | STORNOGS SHIMMERING STARSHELL | STORNOGS SPHERES,Nog,0,,
command_attribute,noogie,missing,docs/lib/information/command_attributes.txt:1359,,,1,Social actions,Nog | Apologize
command_attribute,north,exact,docs/lib/information/command_attributes.txt:1361,North | NORTH SOUTH EAST WEST UP DOWN SOUTHWEST SOUTHEAST NORTHWEST NORTHEAST,North,0,,
command_attribute,northeast,partial,docs/lib/information/command_attributes.txt:1364,NORTH SOUTH EAST WEST UP DOWN SOUTHWEST SOUTHEAST NORTHWEST NORTHEAST,,1,Construct,
command_attribute,northwest,partial,docs/lib/information/command_attributes.txt:1367,NORTH SOUTH EAST WEST UP DOWN SOUTHWEST SOUTHEAST NORTHWEST NORTHEAST,,1,Construct,
command_attribute,nose,exact,docs/lib/information/command_attributes.txt:1370,Nose,Nose,0,,
command_attribute,nudge,exact,docs/lib/information/command_attributes.txt:1372,Nudge,Nudge,0,,
command_attribute,nuzzle,exact,docs/lib/information/command_attributes.txt:1374,Nuzzle,Nuzzle,0,,
command_attribute,nw,ambiguous,docs/lib/information/command_attributes.txt:1376,IRONWOOD | Moonwell,,4,Ferries | North | NORTH SOUTH EAST WEST UP DOWN SOUTHWEST SOUTHEAST NORTHWEST NORTHEAST | Ship commands,
command_attribute,offensive,missing,docs/lib/information/command_attributes.txt:1379,,,35,Alchemist | Blink | Cast | Cleric | Conjurer,Offense
command_attribute,offer,partial,docs/lib/information/command_attributes.txt:1381,Auction Offer,,6,Auction | Auction Offer | Commands | Rogue Plains | Seduce,
command_attribute,offlinemsg,exact,docs/lib/information/command_attributes.txt:1383,OFFLINEMSG,OFFLINEMSG,0,,
command_attribute,ogle,missing,docs/lib/information/command_attributes.txt:1385,,,1,Social actions,TOGGLE | Boggle | Ogre
command_attribute,ogreroar,exact,docs/lib/information/command_attributes.txt:272,Ogreroar,Ogreroar,0,,
command_attribute,ohhappy,missing,docs/lib/information/command_attributes.txt:1387,,,0,,Harpy
command_attribute,ohno,missing,docs/lib/information/command_attributes.txt:1389,,,0,,
command_attribute,oink,missing,docs/lib/information/command_attributes.txt:1391,,,0,,Monk | Link | Bonk
command_attribute,ok,exact,docs/lib/information/command_attributes.txt:1393,"GOD, LOOKUP | Godlookup | Invoke Negative Energy | Look | LOOKUP | OK | Poke | PYROKINESES | Pyrokinesis | Pyrokinetic | REVOKE | Ship looks | SHIP_LOOKS | Smoke | SUMMON BOOK",OK,0,,
command_attribute,olist,exact,docs/lib/information/command_attributes.txt:1395,OLIST,OLIST,0,,
command_attribute,omg,missing,docs/lib/information/command_attributes.txt:1397,,,2,Afk | AFK BRB BBL,Nog | MUG | Log
command_attribute,ooo,missing,docs/lib/information/command_attributes.txt:1399,,,0,,
command_attribute,open,exact,docs/lib/information/command_attributes.txt:1401,Open | OPEN CLOSE LOCK UNLOCK,Open,0,,
command_attribute,order,exact,docs/lib/information/command_attributes.txt:1403,Battle orders | Order | ORDER FOLLOWERS,Order,0,,
command_attribute,outpost,missing,docs/lib/information/command_attributes.txt:1405,,,3,GUILDHALLS | KINGDOM | kingdoms,Outcast
command_attribute,page,exact,docs/lib/information/command_attributes.txt:1407,Main Page | PAGE | RAMPAGE,PAGE,0,,
command_attribute,panic,exact,docs/lib/information/command_attributes.txt:1409,Panic,Panic,0,,
command_attribute,pant,exact,docs/lib/information/command_attributes.txt:1411,Pant | Pantherspeed,Pant,0,,
command_attribute,pardon,ambiguous,docs/lib/information/command_attributes.txt:1413,"GOD, PARDON | Godpardon",,5,"Cringe | GOD, PARDON | Godcommands | Godpardon | INTRODUCE",
command_attribute,parlay,exact,docs/lib/information/command_attributes.txt:278,Parlay,Parlay,0,,
command_attribute,parry,exact,docs/lib/information/command_attributes.txt:281,EXPERT PARRY | Parry,Parry,0,,
command_attribute,pat,exact,docs/lib/information/command_attributes.txt:1415,"GOD, PARTICIPATION | Godparticipation | Pat | Path of frost | Patrols | SPATIAL FOCUS | STORM EMPATHY",Pat,0,,
command_attribute,pay,missing,docs/lib/information/command_attributes.txt:1417,,,9,help commands | hints | KINGDOM | kingdoms | Practice,Pray | Play | Parry
command_attribute,peck,missing,docs/lib/information/command_attributes.txt:1419,,,0,,Speak
command_attribute,peer,exact,docs/lib/information/command_attributes.txt:1421,Peer,Peer,0,,
command_attribute,peruse,missing,docs/lib/information/command_attributes.txt:1423,,,1,Shops,SUPERVISE
command_attribute,pet,exact,docs/lib/information/command_attributes.txt:1425,GIVEPET | Pet | Petition | PETITION_BLOCK | Pets | TOGGLE_PETITION,Pet,0,,
command_attribute,petition,exact,docs/lib/information/command_attributes.txt:1427,Petition | PETITION_BLOCK | TOGGLE_PETITION,Petition,0,,
command_attribute,petition_block,exact,docs/lib/information/command_attributes.txt:1429,PETITION_BLOCK,PETITION_BLOCK,0,,
command_attribute,pick,ambiguous,docs/lib/information/command_attributes.txt:1431,Auction Pickup | Pick Lock | PICK LOCKS,,25,Assassin Skills | Auction Pickup | Drop | hints | Lock,
command_attribute,pillow,missing,docs/lib/information/command_attributes.txt:1433,,,1,Social actions,Pkill | ALLOW | Pine hollows
command_attribute,pinch,exact,docs/lib/information/command_attributes.txt:1435,Pinch,Pinch,0,,
command_attribute,ping,ambiguous,docs/lib/information/command_attributes.txt:1437,Creeping doom | SWEEPING THRUST,,0,,
command_attribute,play,exact,docs/lib/information/command_attributes.txt:293,"Display | MULTI-PLAYING MULTIPLAYING MULTI | Multiplay | Multiplaying | New Player Guides | Nonplayercharacter | NPC ""NON PLAYER CHARACTER"" | Play | PLAYER CHARACTER | Playercharacter | RACEWARS PKILL PLAYERKILL",Play,0,,
command_attribute,pleasant,exact,docs/lib/information/command_attributes.txt:1439,PLEASANT | PLEASANTRY,PLEASANT,0,,
command_attribute,plonk,missing,docs/lib/information/command_attributes.txt:1441,,,1,Social actions,Poke | Monk | Look
command_attribute,plop,missing,docs/lib/information/command_attributes.txt:1443,,,0,,Pop
command_attribute,point,exact,docs/lib/information/command_attributes.txt:1445,Hitpoints | Neutral point of view | Point | POINT BLANK SHOT | PRESSURE POINT | Pressure Points,Point,0,,
command_attribute,poke,exact,docs/lib/information/command_attributes.txt:1447,Poke,Poke,0,,
command_attribute,poll,missing,docs/lib/information/command_attributes.txt:1449,,,0,,Roll | Pull | Troll
command_attribute,ponder,exact,docs/lib/information/command_attributes.txt:1451,Ponder,Ponder,0,,
command_attribute,poofin,exact,docs/lib/information/command_attributes.txt:1453,"GOD, POOFIN | Godpoofin | POOFIN",POOFIN,0,,
command_attribute,poofinsound,missing,docs/lib/information/command_attributes.txt:1455,,,0,,POOFIN | Poison | POOFOUT
command_attribute,poofout,exact,docs/lib/information/command_attributes.txt:1457,POOFOUT,POOFOUT,0,,
command_attribute,poofoutsound,missing,docs/lib/information/command_attributes.txt:1459,,,0,,POOFOUT
command_attribute,pose,exact,docs/lib/information/command_attributes.txt:1461,Pose,Pose,0,,
command_attribute,potato,missing,docs/lib/information/command_attributes.txt:1463,,,0,,Portal | Pat
command_attribute,pounce,missing,docs/lib/information/command_attributes.txt:1465,,,1,Social actions,Bounce | Punch | Pucker
command_attribute,pour,exact,docs/lib/information/command_attributes.txt:1467,Pour,Pour,0,,
command_attribute,pout,exact,docs/lib/information/command_attributes.txt:1469,Pout,Pout,0,,
command_attribute,practice,exact,docs/lib/information/command_attributes.txt:1471,Practice,Practice,0,,
command_attribute,practise,missing,docs/lib/information/command_attributes.txt:1473,,,0,,Practice | Raise | Appraise
command_attribute,praise,partial,docs/lib/information/command_attributes.txt:1475,Appraise,,0,,
command_attribute,pray,exact,docs/lib/information/command_attributes.txt:1477,Color Spray | MEMORIZE PRAY FORGET | Molten spray | Pray | PRAYER | Prismatic Spray,Pray,0,,
command_attribute,prestige,exact,docs/lib/information/command_attributes.txt:1479,PRESTIGE,PRESTIGE,0,,
command_attribute,proclib,exact,docs/lib/information/command_attributes.txt:1481,PROCLIB,PROCLIB,0,,
command_attribute,project,exact,docs/lib/information/command_attributes.txt:1483,Project | SHADOW PROJECTION,Project,0,,
command_attribute,projects,missing,docs/lib/information/command_attributes.txt:1485,,,0,,Project | Map Objects | PROTECT SOUL
command_attribute,properties,exact,docs/lib/information/command_attributes.txt:1487,PROPERTIES,PROPERTIES,0,,
command_attribute,protect,ambiguous,docs/lib/information/command_attributes.txt:1489,Aura of Protection | Baladors Protection | PROTECT SOUL | Protect Undead | Protection From Acid | Protection from animals | Protection From Cold | Protection From Evil | Protection From Fire | Protection From Gas | Protection From Good | Protection From Lightning | Protection from Living | Protection From Undead | Song of Protection,,23,Ashrumite | Cleric | Defend | DRACONIC CRESCENDO | Draconiccrescendo,
command_attribute,protocol,missing,docs/lib/information/command_attributes.txt:1491,,,0,,PROTECT SOUL | PROCLIB
command_attribute,ptell,exact,docs/lib/information/command_attributes.txt:1493,"GOD, PTELL | Godptell | PTELL",PTELL,0,,
command_attribute,pucker,exact,docs/lib/information/command_attributes.txt:1495,Pucker,Pucker,0,,
command_attribute,puke,exact,docs/lib/information/command_attributes.txt:1497,Puke,Puke,0,,
command_attribute,pull,exact,docs/lib/information/command_attributes.txt:1499,Pull,Pull,0,,
command_attribute,pulse,missing,docs/lib/information/command_attributes.txt:298,,,43,Barbarian | Bard | Centaur | Death Knight | Drider,Push | Pull | Puke
command_attribute,punch,exact,docs/lib/information/command_attributes.txt:1501,DRAGON PUNCH | Dragonpunch | Punch | SHIELD PUNCH | Shieldpunch,Punch,0,,
command_attribute,punish,exact,docs/lib/information/command_attributes.txt:1503,PUNISH,PUNISH,0,,
command_attribute,purge,exact,docs/lib/information/command_attributes.txt:1505,"AFFECTPURGE | CHI PURGE | GOD, PURGE | Godpurge | Purge | PURGE (IMMORTAL) | Purge Living",Purge,0,,
command_attribute,purr,exact,docs/lib/information/command_attributes.txt:1507,Purr,Purr,0,,
command_attribute,push,exact,docs/lib/information/command_attributes.txt:1509,Push,Push,0,,
command_attribute,put,exact,docs/lib/information/command_attributes.txt:1511,Put,Put,0,,
command_attribute,puzzle,missing,docs/lib/information/command_attributes.txt:1513,,,1,Social actions,Nuzzle | Dazzle
command_attribute,quaff,exact,docs/lib/information/command_attributes.txt:300,Quaff | QUAFF POTIONS,Quaff,0,,
command_attribute,quest,exact,docs/lib/information/command_attributes.txt:1515,Highmoors forest/hexagon quest Guides | Old Quest | Quest | QUESTWHERE,Quest,0,,
command_attribute,questwhere,exact,docs/lib/information/command_attributes.txt:1517,QUESTWHERE,QUESTWHERE,0,,
command_attribute,qui,ambiguous,docs/lib/information/command_attributes.txt:1519,"EQUIP SORT | Equipment | NAMED EQUIPMENT | Quick Chant | QUICK STEP | Quit | Quivering Palm | RANDOM ""RANDOM EQUIMENT"" ""RANDOM MOB"" ""RANDOM ZONE"" | Random Equipment | Requiem of the Crypts | TRANQUILITY | TRANQUILIZE",,0,,
command_attribute,quit,exact,docs/lib/information/command_attributes.txt:1521,Quit,Quit,0,,
command_attribute,quivering palm,exact,docs/lib/information/command_attributes.txt:305,Quivering Palm,Quivering Palm,0,,
command_attribute,rage,exact,docs/lib/information/command_attributes.txt:308,BLADE BARRAGE | Enrage | Forage | INDOMITABLE RAGE | Lionrage | LOCKER STORAGE | MIRAGE | RAGE | Ragelord | Solbeeps Missile Barrage | STORAGE | WINDRAGE,RAGE,0,,
command_attribute,raid,exact,docs/lib/information/command_attributes.txt:1523,Raid,Raid,0,,
command_attribute,raise,exact,docs/lib/information/command_attributes.txt:1525,Appraise | Raise | Raise Lich | Raise shadow | Raise Skeleton | Raise Spectre | Raise Vampire | Raise Wraith | Raise Zombie,Raise,0,,
command_attribute,rampage,exact,docs/lib/information/command_attributes.txt:310,RAMPAGE,RAMPAGE,0,,
command_attribute,randobj,exact,docs/lib/information/command_attributes.txt:1527,RANDOBJ,RANDOBJ,0,,
command_attribute,rapier and dirk,missing,docs/lib/information/command_attributes.txt:312,,,3,Mercenary | Mercenary Skills | Swashbuckler,
command_attribute,read,exact,docs/lib/information/command_attributes.txt:1529,Dread blade | Dread Wave | DREAD WRATH | Dreadlord | Dreadlord Skills | DREADNAUGHT | Read | READ BOARD | Ready | SKILL_DREADLORD,Read,0,,
command_attribute,ready,exact,docs/lib/information/command_attributes.txt:1531,Ready,Ready,0,,
command_attribute,rearkick,missing,docs/lib/information/command_attributes.txt:326,,,0,,Rope Trick | Kick
command_attribute,reassure,missing,docs/lib/information/command_attributes.txt:1533,,,0,,Rescue | Grease | Resurrect
command_attribute,recall,exact,docs/lib/information/command_attributes.txt:1535,Group Recall | Recall | WORD OF RECALL,Recall,0,,
command_attribute,recite,exact,docs/lib/information/command_attributes.txt:316,Recite | RECITE SCROLLS,Recite,0,,
command_attribute,recline,exact,docs/lib/information/command_attributes.txt:1537,Recline | WAKE REST SIT STAND KNEEL RECLINE ALERT,Recline,0,,
command_attribute,redis,exact,docs/lib/information/command_attributes.txt:1539,REDIS,REDIS,0,,
command_attribute,refine,exact,docs/lib/information/command_attributes.txt:1541,REFINE,REFINE,0,,
command_attribute,reinitphys,exact,docs/lib/information/command_attributes.txt:1543,"GOD, REINITPHYS | Godreinitphys | REINITPHYS",REINITPHYS,0,,
command_attribute,release,exact,docs/lib/information/command_attributes.txt:1545,"GOD, RELEASE | Godrelease | RELEASE",RELEASE,0,,
command_attribute,relic,missing,docs/lib/information/command_attributes.txt:1547,,,1,SIMULACRUM ANGUIS,Recline | Raise Lich | Lick
command_attribute,reload,ambiguous,docs/lib/information/command_attributes.txt:1549,Rareload | SHIP_COMMANDS DISEMBARK REPAIR RELOAD,,6,PROPERTIES | Ship commands | Ship list | SHIP_COMBAT SHIP_BATTLE | SHIP_COMMANDS DISEMBARK REPAIR RELOAD,
command_attribute,reloadhelp,missing,docs/lib/information/command_attributes.txt:1551,,,0,,Relocate | Rareload
command_attribute,remort,exact,docs/lib/information/command_attributes.txt:1553,Remort | REMORT ASCEND,Remort,0,,
command_attribute,remove,exact,docs/lib/information/command_attributes.txt:1555,Remove | Remove Curse | Remove Poison | TRAPREMOVE,Remove,0,,
command_attribute,rename,exact,docs/lib/information/command_attributes.txt:1557,RENAME,RENAME,0,,
command_attribute,rent,exact,docs/lib/information/command_attributes.txt:1559,Rent,Rent,0,,
command_attribute,repair,ambiguous,docs/lib/information/command_attributes.txt:1561,REPAIR ONE ITEM | SHIP_COMMANDS DISEMBARK REPAIR RELOAD,,7,Fix | hints | REPAIR ONE ITEM | Ship Combat | Ship commands,
command_attribute,repiss,exact,docs/lib/information/command_attributes.txt:1563,REPISS,REPISS,0,,
command_attribute,reply,missing,docs/lib/information/command_attributes.txt:1565,,,6,"Ask | Follow-Up Riposte | GOD, PTELL | Godptell | PTELL",Play
command_attribute,report,ambiguous,docs/lib/information/command_attributes.txt:1567,MREPORT | NAMEDREPORT,,14,"Bug | BUG IDEA TYPO | CHEAT | faq | GOD, INROOM",
command_attribute,reporting,missing,docs/lib/information/command_attributes.txt:1569,,,1,CHEAT,MREPORT | RESTORATION | Remort
command_attribute,reroll,exact,docs/lib/information/command_attributes.txt:1571,DELETE REROLL | REROLL,REROLL,0,,
command_attribute,rescue,exact,docs/lib/information/command_attributes.txt:318,Rescue | RESCUE ALL | Rescueall,Rescue,0,,
command_attribute,resetarti,exact,docs/lib/information/command_attributes.txt:1581,RESETARTI,RESETARTI,0,,
command_attribute,resetspec,exact,docs/lib/information/command_attributes.txt:1583,RESETSPEC,RESETSPEC,0,,
command_attribute,rest,exact,docs/lib/information/command_attributes.txt:1585,"Awaken Forest | Firestorm | Forest druid | FORRESTAL | GOD, RESTORE | Godrestore | Highmoors forest/hexagon quest Guides | Mir Forest Guides | PRESTIGE | Rest | RESTED | RESTORATION | RESTORE | RESTORE SPIRIT | RESTRAIN | WAKE REST SIT STAND KNEEL RECLINE ALERT",Rest,0,,
command_attribute,restitution,missing,docs/lib/information/command_attributes.txt:1587,,,0,,Constitution | Petition | RESTORATION
command_attribute,restore,exact,docs/lib/information/command_attributes.txt:1589,"GOD, RESTORE | Godrestore | RESTORE | RESTORE SPIRIT",RESTORE,0,,
command_attribute,restrain,exact,docs/lib/information/command_attributes.txt:320,RESTRAIN,RESTRAIN,0,,
command_attribute,retreat,exact,docs/lib/information/command_attributes.txt:331,EXPEDITED RETREAT | EXPEDITIOUS RETREAT | Retreat,Retreat,0,,
command_attribute,return,ambiguous,docs/lib/information/command_attributes.txt:1591,Labyrinth of no return Guides | RETURN SOUL,,35,AURA OF REBIRTH | CONSUME CORPSE | Corpse | Cr | CURSED ARROWS,
command_attribute,revoke,exact,docs/lib/information/command_attributes.txt:1593,REVOKE,REVOKE,0,,
command_attribute,ride,ambiguous,docs/lib/information/command_attributes.txt:1595,Demonic rider | Drider | MOUNT RIDE DISMOUNT BUCK,,10,"CALL TITAN | Centaur | Ferries | GOD, PARTICIPATION | Godparticipation",
command_attribute,riff,exact,docs/lib/information/command_attributes.txt:333,RIFF,RIFF,0,,
command_attribute,riposte,exact,docs/lib/information/command_attributes.txt:335,Arcane Riposte | EXPERT RIPOSTE | Follow-Up Riposte | Riposte,Riposte,0,,
command_attribute,rlist,exact,docs/lib/information/command_attributes.txt:1597,RLIST,RLIST,0,,
command_attribute,roar,exact,docs/lib/information/command_attributes.txt:1599,DRAGON ROAR | Ogreroar | Roar | ROAR OF HEROES,Roar,0,,
command_attribute,rofl,exact,docs/lib/information/command_attributes.txt:1601,Rofl,Rofl,0,,
command_attribute,roll,exact,docs/lib/information/command_attributes.txt:1603,"Damroll | DELETE REROLL | Hitroll | RECITE SCROLLS | REROLL | Roll | Troll | TROLL ""SWAMP TROLL""",Roll,0,,
command_attribute,rose,exact,docs/lib/information/command_attributes.txt:1605,Rose,Rose,0,,
command_attribute,roundkick,exact,docs/lib/information/command_attributes.txt:339,Roundkick,Roundkick,0,,
command_attribute,rub,exact,docs/lib/information/command_attributes.txt:1607,Rub,Rub,0,,
command_attribute,ruffle,exact,docs/lib/information/command_attributes.txt:1609,Ruffle,Ruffle,0,,
command_attribute,rules,exact,docs/lib/information/command_attributes.txt:1611,LAWS RULES | Rules,Rules,0,,
command_attribute,rush,exact,docs/lib/information/command_attributes.txt:349,Bigbys Crushing Hand | Psychic crush | RUSH | THROAT CRUSH,RUSH,0,,
command_attribute,rwc,exact,docs/lib/information/command_attributes.txt:1613,RWC,RWC,0,,
command_attribute,sack,exact,docs/lib/information/command_attributes.txt:1615,SACK,SACK,0,,
command_attribute,sacrifice,exact,docs/lib/information/command_attributes.txt:1617,Holy Sacrifice | SACRIFICE,SACRIFICE,0,,
command_attribute,salute,exact,docs/lib/information/command_attributes.txt:1619,Salute,Salute,0,,
command_attribute,salvage,exact,docs/lib/information/command_attributes.txt:351,SALVAGE,SALVAGE,0,,
command_attribute,salvation,missing,docs/lib/information/command_attributes.txt:1621,,,0,,Specialization | Social actions | Specializations
command_attribute,save,exact,docs/lib/information/command_attributes.txt:1623,Save | Save Log | TOGGLE_SAVE NOTIFY,Save,0,,
command_attribute,say,exact,docs/lib/information/command_attributes.txt:1625,Gsay | Say | SAY TELL WHISPER ASK,Say,0,,
command_attribute,scan,exact,docs/lib/information/command_attributes.txt:1627,Scan,Scan,0,,
command_attribute,scare,exact,docs/lib/information/command_attributes.txt:1630,Scare,Scare,0,,
command_attribute,scent,ambiguous,docs/lib/information/command_attributes.txt:1632,BLOOD SCENT | Scent of the Bloodhound,,8,Animalist | Barbarian | BLOOD SCENT | Deathlord | SANGUINIS IGNIS,
command_attribute,scold,exact,docs/lib/information/command_attributes.txt:1634,Scold,Scold,0,,
command_attribute,score,exact,docs/lib/information/command_attributes.txt:1636,Score | SCORE ATTRIBUTES,Score,0,,
command_attribute,scowl,missing,docs/lib/information/command_attributes.txt:1638,,,0,,Scold
command_attribute,scratch,exact,docs/lib/information/command_attributes.txt:1640,Scratch,Scratch,0,,
command_attribute,scream,exact,docs/lib/information/command_attributes.txt:1642,Scream,Scream,0,,
command_attribute,scribe,exact,docs/lib/information/command_attributes.txt:1644,Scribe | SCRIBE MASTERY,Scribe,0,,
command_attribute,se,ambiguous,docs/lib/information/command_attributes.txt:1646,"Accuse | Age Corpse | Apocalypse | Appraise | Artifact_orbofthesea | Battle senses | Berserk | Berserker | Berserker Skills | BUY SELL | Cause Critical | Cause light | Cause Serious | CEGILUNES SEARING BLADE | Classes | COMPACT CORPSE | Confuse | Consecrate Land | Consent | CONSUME CORPSE | Corpse | CORPSE PORTAL | Corpseform | Cure Disease | Cure Serious | Curse | CURSE OF YZAR | CURSED ARROWS | Curtsey | CUTPURSE | DEATH CORPSE DYING | DEPRESSED EARTH | DESECRATE LAND | Disease | Disembark | Disengage | Disguise | Disperse Flames | Essence of the Wolf | Ether Sense | Farsee | Gaseous Cloud | GOD, RELEASE | GOD, SECRET | GOD, SETATTR | GOD, SETBIT | GOD, SETHOME | GOD, SUPERVISE | GOD, USERS | Godrelease | Godsecret | Godsetattr | Godsetbit | Godsethome | Godusers | Goose | Grease | Harpy settlement | INFUSE LIFE | INFUSE MAGICAL DEVICE | Innate horse body | Insects | LESSER GUARDIAN WARD | Lesser Mending | Lesser resurrect | Lesser Sanctuary | Magic User | MAGIC-USER | Mass Preserve | Mousestrength | Multi-user dungeon | Nose | Offense | OPEN CLOSE LOCK UNLOCK | PACTUM SERPENTIS | Pbase 2006 | Pose | Potion of Grease | Preserve | PYROKINESES | Raise | Raise Lich | Raise shadow | Raise Skeleton | Raise Spectre | Raise Vampire | Raise Wraith | Raise Zombie | Reimbursement | RELEASE | Remove Curse | RESETARTI | RESETSPEC | Reveal Spirit Essence | Rose | s_Wayhouse' | Search | SECRET | Seduce | SELF COMPREHENSION | Selfcomprehension | Sell | Sense Follower | Sense Holiness | Sense life | Sense Spirit | Sense Weakness | Serendipity | SETATTR | SETBIT | SETHOME | SHIP_COMMANDS DISEMBARK REPAIR RELOAD | SKILL_BERSERKER | SUMMON INSECTS | SUPERVISE | SURPRISE | TOGGLE_TERSE | TRAPSET | TRUE SEEING | USE WANDS STAFF STAVES | USERS | VIGORIZE SERIOUS | ZRESET",,4,Duris edit | North | NORTH SOUTH EAST WEST UP DOWN SOUTHWEST SOUTHEAST NORTHWEST NORTHEAST | Ship commands,
command_attribute,search,exact,docs/lib/information/command_attributes.txt:361,Search,Search,0,,
command_attribute,secret,exact,docs/lib/information/command_attributes.txt:1649,"GOD, SECRET | Godsecret | SECRET",SECRET,0,,
command_attribute,seduce,exact,docs/lib/information/command_attributes.txt:1651,Seduce,Seduce,0,,
command_attribute,sell,exact,docs/lib/information/command_attributes.txt:1653,BUY SELL | Sell,Sell,0,,
command_attribute,setattr,exact,docs/lib/information/command_attributes.txt:1655,"GOD, SETATTR | Godsetattr | SETATTR",SETATTR,0,,
command_attribute,setbit,exact,docs/lib/information/command_attributes.txt:1657,"GOD, SETBIT | Godsetbit | SETBIT",SETBIT,0,,
command_attribute,sethome,exact,docs/lib/information/command_attributes.txt:1659,"GOD, SETHOME | Godsethome | SETHOME",SETHOME,0,,
command_attribute,shades,missing,docs/lib/information/command_attributes.txt:1661,,,3,RACEWARS PKILL PLAYERKILL | Shade | SHADOWSTEP,Shade | Shake | Shadow Beast
command_attribute,shadow,exact,docs/lib/information/command_attributes.txt:366,Raise shadow | Shadow | SHADOW ARCHERY | Shadow Aura | Shadow Beast | Shadow Gate | Shadow Merging | Shadow Monster | SHADOW MOVEMENT | SHADOW PROJECTION | Shadow shield | Shadow Spawn | Shadow Travel | Shadow Vision | Shadowmage | SHADOWSTEP,Shadow,0,,
command_attribute,shadowstep,exact,docs/lib/information/command_attributes.txt:369,SHADOWSTEP,SHADOWSTEP,0,,
command_attribute,shake,exact,docs/lib/information/command_attributes.txt:1663,Shake,Shake,0,,
command_attribute,shapechange,exact,docs/lib/information/command_attributes.txt:1665,Shapechange | SHAPECHANGE SHAPE,Shapechange,0,,
command_attribute,shield block,exact,docs/lib/information/command_attributes.txt:371,Shield Block,Shield Block,0,,
command_attribute,shieldpunch,exact,docs/lib/information/command_attributes.txt:376,Shieldpunch,Shieldpunch,0,,
command_attribute,shiver,exact,docs/lib/information/command_attributes.txt:1667,Shiver,Shiver,0,,
command_attribute,shout,exact,docs/lib/information/command_attributes.txt:1669,"GOD, GSHOUT | Godgshout | GSHOUT | Shout | TOGGLE_SHOUT",Shout,0,,
command_attribute,shove,exact,docs/lib/information/command_attributes.txt:1671,Shove,Shove,0,,
command_attribute,shriek,exact,docs/lib/information/command_attributes.txt:382,Shriek,Shriek,0,,
command_attribute,shrug,exact,docs/lib/information/command_attributes.txt:1673,Shrug,Shrug,0,,
command_attribute,shudder,missing,docs/lib/information/command_attributes.txt:1675,,,2,Social actions | SONG OF DISSONANCE,Shade
command_attribute,shuffle,missing,docs/lib/information/command_attributes.txt:1677,,,0,,Ruffle
command_attribute,shush,missing,docs/lib/information/command_attributes.txt:1679,,,1,Social actions,RUSH | Push
command_attribute,shutdow,exact,docs/lib/information/command_attributes.txt:1681,SHUTDOW | SHUTDOWN,SHUTDOW,0,,
command_attribute,shutdown,exact,docs/lib/information/command_attributes.txt:1683,SHUTDOWN,SHUTDOWN,0,,
command_attribute,sigh,exact,docs/lib/information/command_attributes.txt:1685,Aura Sight | Faerie Sight | Greater Spirit Sight | Sigh | Sight Link | SPIRIT SIGHT,Sigh,0,,
command_attribute,silence,exact,docs/lib/information/command_attributes.txt:1687,"GOD, SILENCE | Godsilence | Silence | SILENCE (IMMORTAL)",Silence,0,,
command_attribute,sing,exact,docs/lib/information/command_attributes.txt:1689,Death Blessing | Divine Blessing | Natures Blessing | Sing | WINDSTROM BLESSING,Sing,0,,
command_attribute,sip,exact,docs/lib/information/command_attributes.txt:1691,EAT DRINK SIP TASTE | Sip,Sip,0,,
command_attribute,sit,exact,docs/lib/information/command_attributes.txt:1693,EXCHANGE BANKS BALANCE DEPOSIT WITHDRAW | Sit | Sitter | WAKE REST SIT STAND KNEEL RECLINE ALERT | WEBSITE,Sit,0,,
command_attribute,skills,exact,docs/lib/information/command_attributes.txt:1695,Alchemist Skills | Anti-paladin Skills | Assassin Skills | Avenger Skills | Bard Skills | Berserker Skills | Blighter Skills | Cleric Skills | Conjurer Skills | Dragoon Skills | Dreadlord Skills | Druid Skills | Epic skills | Ethermancer Skills | Illusionist Skills | Mercenary Skills | MindFlayer Skills | Monk Skills | Necromancer Skills | Paladin Skills | Psionicist Skills | Ranger Skills | Reaver Skills | Rogue Skills | Shaman Skills | Skills | Sorcerer Skills | Summoner Skills | Theurgist Skills | Thief Skills | Warlock Skills | Warrior Skills,Skills,0,,
command_attribute,skip,exact,docs/lib/information/command_attributes.txt:1697,Skip,Skip,0,,
command_attribute,slap,exact,docs/lib/information/command_attributes.txt:1699,Slap,Slap,0,,
command_attribute,sleep,exact,docs/lib/information/command_attributes.txt:1701,Sleep | Song of Sleep,Sleep,0,,
command_attribute,slip,exact,docs/lib/information/command_attributes.txt:1703,SLIP,SLIP,0,,
command_attribute,sload,exact,docs/lib/information/command_attributes.txt:1705,Sload,Sload,0,,
command_attribute,slobber,missing,docs/lib/information/command_attributes.txt:1707,,,1,Social actions,
command_attribute,smell,exact,docs/lib/information/command_attributes.txt:1709,Smell,Smell,0,,
command_attribute,smelt,exact,docs/lib/information/command_attributes.txt:1711,Smelt | Smelting,Smelt,0,,
command_attribute,smile,exact,docs/lib/information/command_attributes.txt:1713,Smile,Smile,0,,
command_attribute,smirk,exact,docs/lib/information/command_attributes.txt:1715,Smirk,Smirk,0,,
command_attribute,smite,ambiguous,docs/lib/information/command_attributes.txt:1717,HOLY SMITE | Smite evil,,10,ARMAGEDDON | Avenger Skills | Crusader | Destroy Undead | Dread blade,
command_attribute,smith,partial,docs/lib/information/command_attributes.txt:385,Blacksmith,,1,Enchant,
command_attribute,smoke,exact,docs/lib/information/command_attributes.txt:1719,Smoke,Smoke,0,,
command_attribute,smooch,missing,docs/lib/information/command_attributes.txt:1721,,,1,Pucker,
command_attribute,snap,exact,docs/lib/information/command_attributes.txt:1723,Cold snap | Snap,Snap,0,,
command_attribute,snarl,exact,docs/lib/information/command_attributes.txt:1725,Snarl,Snarl,0,,
command_attribute,sneak,exact,docs/lib/information/command_attributes.txt:387,"Outdoor Sneak | Outdoorsneak | Sneak | SNEAKY STRIKE | SQUERRIKS SNEAKY WAYS | UD-SNEAK ""UD SNEAK""",Sneak,0,,
command_attribute,sneaky strike,exact,docs/lib/information/command_attributes.txt:390,SNEAKY STRIKE,SNEAKY STRIKE,0,,
command_attribute,sneer,exact,docs/lib/information/command_attributes.txt:1727,Sneer,Sneer,0,,
command_attribute,sneeze,exact,docs/lib/information/command_attributes.txt:1729,Sneeze,Sneeze,0,,
command_attribute,snicker,exact,docs/lib/information/command_attributes.txt:1731,Snicker,Snicker,0,,
command_attribute,sniff,exact,docs/lib/information/command_attributes.txt:1733,Sniff,Sniff,0,,
command_attribute,snoogie,missing,docs/lib/information/command_attributes.txt:1735,,,1,Social actions,Snore | SNOOP
command_attribute,snoop,exact,docs/lib/information/command_attributes.txt:1737,"GOD, SNOOP | Godsnoop | SNOOP",SNOOP,0,,
command_attribute,snore,exact,docs/lib/information/command_attributes.txt:1739,Snore,Snore,0,,
command_attribute,snort,exact,docs/lib/information/command_attributes.txt:1741,Snort,Snort,0,,
command_attribute,snowball,exact,docs/lib/information/command_attributes.txt:1743,"GOD, SNOWBALL | Godsnowball | SNOWBALL",SNOWBALL,0,,
command_attribute,snuggle,exact,docs/lib/information/command_attributes.txt:1745,Snuggle,Snuggle,0,,
command_attribute,sob,missing,docs/lib/information/command_attributes.txt:1747,,,0,,Mob
command_attribute,society,exact,docs/lib/information/command_attributes.txt:1749,Society | Society examples,Society,0,,
command_attribute,song of charming,exact,docs/lib/information/command_attributes.txt:397,Song of Charming,Song of Charming,0,,
command_attribute,song of dissonance,exact,docs/lib/information/command_attributes.txt:401,SONG OF DISSONANCE,SONG OF DISSONANCE,0,,
command_attribute,song of healing,exact,docs/lib/information/command_attributes.txt:407,Song of healing,Song of healing,0,,
command_attribute,song of sleep,exact,docs/lib/information/command_attributes.txt:410,Song of Sleep,Song of Sleep,0,,
command_attribute,soulbind,exact,docs/lib/information/command_attributes.txt:1751,SOULBIND,SOULBIND,0,,
command_attribute,south,partial,docs/lib/information/command_attributes.txt:1753,NORTH SOUTH EAST WEST UP DOWN SOUTHWEST SOUTHEAST NORTHWEST NORTHEAST,,15,"Brief Mode | Charing | CHARING ""CITY OF ELVES"" | Commands | Construct",
command_attribute,southeast,partial,docs/lib/information/command_attributes.txt:1756,NORTH SOUTH EAST WEST UP DOWN SOUTHWEST SOUTHEAST NORTHWEST NORTHEAST,,4,"Charing | CHARING ""CITY OF ELVES"" | Construct | Sarmiz",
command_attribute,southwest,partial,docs/lib/information/command_attributes.txt:1759,NORTH SOUTH EAST WEST UP DOWN SOUTHWEST SOUTHEAST NORTHWEST NORTHEAST,,2,Construct | Tharnadia,
command_attribute,spam,exact,docs/lib/information/command_attributes.txt:1762,Spam,Spam,0,,
command_attribute,spank,exact,docs/lib/information/command_attributes.txt:1764,Spank,Spank,0,,
command_attribute,speak,exact,docs/lib/information/command_attributes.txt:1766,Speak,Speak,0,,
command_attribute,specialize,partial,docs/lib/information/command_attributes.txt:1768,SPECIALIZATIONS SPECIALIZE,,8,Cleric | Conjurer | Forest druid | New Player Guides | RANGE SPECIALIST,
command_attribute,spellbind,exact,docs/lib/information/command_attributes.txt:1770,Spellbind,Spellbind,0,,
command_attribute,spells,ambiguous,docs/lib/information/command_attributes.txt:1772,"GOD, SPELLS | Godspells",,299,Acid blast | Air magus | Alchemist | Alchemist Skills | Animal Growth,
command_attribute,spellweave,exact,docs/lib/information/command_attributes.txt:1774,SPELLWEAVE,SPELLWEAVE,0,,
command_attribute,spew,missing,docs/lib/information/command_attributes.txt:1777,,,1,Puke,Spell | Speak | Spawn
command_attribute,spin,ambiguous,docs/lib/information/command_attributes.txt:1779,SPINAL CORRUPTION | SPINAL TAP,,2,Drider | Social actions,
command_attribute,spit,missing,docs/lib/information/command_attributes.txt:1781,,,2,LANCEA CINERALAE | Social actions,SPLIT | Sit | Speclist
command_attribute,split,exact,docs/lib/information/command_attributes.txt:1783,SPLIT,SPLIT,0,,
command_attribute,spoon,missing,docs/lib/information/command_attributes.txt:1785,,,0,,POOFIN | Poison | Song
command_attribute,springleap,exact,docs/lib/information/command_attributes.txt:413,SPRINGLEAP,SPRINGLEAP,0,,
command_attribute,sql,exact,docs/lib/information/command_attributes.txt:1787,SQL,SQL,0,,
command_attribute,squeal,missing,docs/lib/information/command_attributes.txt:1789,,,0,,SQUALL | STEAL | SQL
command_attribute,squeeze,missing,docs/lib/information/command_attributes.txt:1791,,,6,ASPHYXIATE | Bearhug | Goose | GRAPPLER COMBAT | HEADLOCK,Sneeze
command_attribute,squidrage,missing,docs/lib/information/command_attributes.txt:1793,,,0,,WINDRAGE | MIRAGE
command_attribute,squirm,missing,docs/lib/information/command_attributes.txt:1795,,,3,Cramped | Recline | Social actions,
command_attribute,squish,missing,docs/lib/information/command_attributes.txt:1797,,,0,,PUNISH
command_attribute,stampede,missing,docs/lib/information/command_attributes.txt:419,,,1,Centaur,TRAMPLE | Cramped
command_attribute,stand,partial,docs/lib/information/command_attributes.txt:1799,WAKE REST SIT STAND KNEEL RECLINE ALERT,,30,Alert | Battle Tactics | Bleed | BLIGHT | CLAIRVOYANCE,
command_attribute,stare,missing,docs/lib/information/command_attributes.txt:1803,,,4,Dream | Fume | Social actions | TORMENTING SPIRITS,Scare | TREE | STORAGE
command_attribute,stat,ambiguous,docs/lib/information/command_attributes.txt:1805,"DEVASTATING CRITICAL | GOD, STAT | Godstat | STATIC DISCHARGE | STATISTIC | STATS STATISTICS",,25,Attributes | Auction List | Barter | Berserk | Craft,
command_attribute,statistic,exact,docs/lib/information/command_attributes.txt:1817,STATISTIC | STATS STATISTICS,STATISTIC,0,,
command_attribute,steal,exact,docs/lib/information/command_attributes.txt:422,STEAL,STEAL,0,,
command_attribute,steam,missing,docs/lib/information/command_attributes.txt:1819,,,1,Social actions,STEAL | Scream | Spam
command_attribute,stickup,missing,docs/lib/information/command_attributes.txt:1821,,,0,,
command_attribute,stoke,missing,docs/lib/information/command_attributes.txt:1823,,,2,FLAME SPHERE | TAUNT,Smoke | STORAGE | RESTORE
command_attribute,stomp,missing,docs/lib/information/command_attributes.txt:1825,,,2,Brigand | Social actions,TOLM | SETHOME
command_attribute,storage,exact,docs/lib/information/command_attributes.txt:1827,LOCKER STORAGE | STORAGE,STORAGE,0,,
command_attribute,strangle,missing,docs/lib/information/command_attributes.txt:1829,,,1,Social actions,STORAGE | Range | Entangle
command_attribute,stretch,missing,docs/lib/information/command_attributes.txt:1831,,,1,Social actions,STRENGTH | Scratch | TEACH
command_attribute,strike,ambiguous,docs/lib/information/command_attributes.txt:1833,Crippling Strike | Double Strike | DRAGON STRIKE | Flame strike | KI STRIKE | SNEAKY STRIKE | VAPOR STRIKE | VICIOUS STRIKE,,77,ANGELIC COUNTENANCE | Bard | BATTLETIDE | Berserker Skills | BLADE BARRAGE,
command_attribute,string,exact,docs/lib/information/command_attributes.txt:1835,"GOD, STRING | Godstring | Hamstring | STRING",STRING,0,,
command_attribute,strip,missing,docs/lib/information/command_attributes.txt:1837,,,1,Warrior,TRIP | Sip | STRING
command_attribute,strut,missing,docs/lib/information/command_attributes.txt:1839,,,1,Social actions,Construct | ISTR | Instrument
command_attribute,subterfuge,exact,docs/lib/information/command_attributes.txt:435,SUBTERFUGE,SUBTERFUGE,0,,
command_attribute,suffer,missing,docs/lib/information/command_attributes.txt:1841,,,27,ANTIMATTER COLLISION | Apocalypse | Bigbys Crushing Hand | Blindness | CASCADING ELEMENTAL BEAM,Ruffle
command_attribute,suicide,missing,docs/lib/information/command_attributes.txt:1843,,,0,,Guide
command_attribute,sulk,missing,docs/lib/information/command_attributes.txt:1845,,,1,Social actions,
command_attribute,summon,exact,docs/lib/information/command_attributes.txt:1847,Greater summon beast | SKILL_SUMMONER | SUMMON | SUMMON BEAST | SUMMON BLIZZARD | SUMMON BOOK | SUMMON FAMILIAR | SUMMON GHASTS | SUMMON HORDE | SUMMON INSECTS | SUMMON MOUNT | SUMMON SPIRIT | Summoner | Summoner Skills,SUMMON,0,,
command_attribute,sunburn,missing,docs/lib/information/command_attributes.txt:1849,,,0,,
command_attribute,supervise,exact,docs/lib/information/command_attributes.txt:1851,"GOD, SUPERVISE | SUPERVISE",SUPERVISE,0,,
command_attribute,surname,missing,docs/lib/information/command_attributes.txt:1853,,,0,,RENAME | Names
command_attribute,sw,ambiguous,docs/lib/information/command_attributes.txt:1855,"DARAGORS FLAMING SWORD | ELEMENTAL SWARM | GOD, SWITCH | Godswitch | HOLY SWORD | Ilienzes flaming sword | LEGSWEEP | Meteorswarm | Password | Swashbuckler | SWEEPING THRUST | SWIM | SWIM (IMMORTAL) | SWITCH | SWITCH OPPONENTS | SWORDSMAN | TROLL ""SWAMP TROLL""",,4,North | NORTH SOUTH EAST WEST UP DOWN SOUTHWEST SOUTHEAST NORTHWEST NORTHEAST | Savannah of Sorrow | Ship commands,
command_attribute,swat,missing,docs/lib/information/command_attributes.txt:1858,,,1,Social actions,AT
command_attribute,sweat,missing,docs/lib/information/command_attributes.txt:1860,,,3,CONTAGION | ships | Social actions,Eat | WEATHER | WEAR
command_attribute,sweep,ambiguous,docs/lib/information/command_attributes.txt:1862,LEGSWEEP | SWEEPING THRUST,,4,Create dracolich | Firestorm | LEGSWEEP | Social actions,
command_attribute,sweeping thrust,exact,docs/lib/information/command_attributes.txt:437,SWEEPING THRUST,SWEEPING THRUST,0,,
command_attribute,swim,exact,docs/lib/information/command_attributes.txt:1864,SWIM | SWIM (IMMORTAL),SWIM,0,,
command_attribute,switch,exact,docs/lib/information/command_attributes.txt:1866,"GOD, SWITCH | Godswitch | SWITCH | SWITCH OPPONENTS",SWITCH,0,,
command_attribute,swoon,missing,docs/lib/information/command_attributes.txt:1868,,,0,,Song | Moon
command_attribute,tackle,exact,docs/lib/information/command_attributes.txt:444,TACKLE,TACKLE,0,,
command_attribute,take,ambiguous,docs/lib/information/command_attributes.txt:1870,GET TAKE | TOGGLE_TAKE,,92,"AC ""ARMOR CLASS"" | ANGELIC COUNTENANCE | Animalist | Anti-Paladin | Armor Class",
command_attribute,takedowns,missing,docs/lib/information/command_attributes.txt:454,,,2,Red dragon | WIND TUNNEL,
command_attribute,tan,ambiguous,docs/lib/information/command_attributes.txt:1872,CALL TITAN | Entangle | Instant Kill | Magic Resistance | Potion of Entangle | STANCES | STANZA OF THE FURY | TANK | TITAN | WAKE REST SIT STAND KNEEL RECLINE ALERT,,0,,
command_attribute,tango,missing,docs/lib/information/command_attributes.txt:1874,,,1,Social actions,TANK | Bang
command_attribute,tank,exact,docs/lib/information/command_attributes.txt:1876,TANK,TANK,0,,
command_attribute,tap,partial,docs/lib/information/command_attributes.txt:1878,SPINAL TAP,,7,Assassin | Assassin Skills | Flame reaver | GARROTE | SKILL_ASSASSIN,
command_attribute,target,missing,docs/lib/information/command_attributes.txt:1880,,,230,Accuse | Acid blast | Ack | Agree | Amaze,Get | Forget | Charge
command_attribute,tarzan,missing,docs/lib/information/command_attributes.txt:1882,,,1,Social actions,
command_attribute,taste,partial,docs/lib/information/command_attributes.txt:1884,EAT DRINK SIP TASTE,,12,Acid Blood | BATTLETIDE | Commands | Drink | Eat,
command_attribute,taunt,exact,docs/lib/information/command_attributes.txt:1886,TAUNT,TAUNT,0,,
command_attribute,teach,exact,docs/lib/information/command_attributes.txt:1888,TEACH,TEACH,0,,
command_attribute,tease,missing,docs/lib/information/command_attributes.txt:1890,,,1,Social actions,Grease | TREE | TRAPSET
command_attribute,teleport,exact,docs/lib/information/command_attributes.txt:1892,"GOD, TELEPORT | Godteleport | GROUP TELEPORT | TELEPORT | TELEPORT (IMMORTAL)",TELEPORT,0,,
command_attribute,tell,ambiguous,docs/lib/information/command_attributes.txt:1894,"EPIC INTELLIGENCE | GOD, PTELL | Godptell | Intellect Fortress | Intelligence | PTELL | SAY TELL WHISPER ASK | TOGGLE_TELL",,34,Apologize | Ask | Commands | Communications | COMMUNICATIONS UTILITIES,
command_attribute,tender,partial,docs/lib/information/command_attributes.txt:1896,Bartender,,0,,
command_attribute,terminate,exact,docs/lib/information/command_attributes.txt:1898,TERMINATE,TERMINATE,0,,
command_attribute,terrain,exact,docs/lib/information/command_attributes.txt:1900,TEMPEST TERRAIN | TERRAIN,TERRAIN,0,,
command_attribute,test,exact,docs/lib/information/command_attributes.txt:1902,s_test_Desolate_part_Guides' | TEST | TESTCOLOR | ZTESTDESC,TEST,0,,
command_attribute,testcolor,exact,docs/lib/information/command_attributes.txt:1904,TESTCOLOR,TESTCOLOR,0,,
command_attribute,tether,missing,docs/lib/information/command_attributes.txt:1906,,,0,,WEATHER | WITHER
command_attribute,thank,missing,docs/lib/information/command_attributes.txt:1908,,,1,Social actions,TANK | Githyanki | Bank
command_attribute,think,missing,docs/lib/information/command_attributes.txt:1910,,,8,Emote | faq | Intelligence | Moon | Neutral point of view,TWINK | TANK | Link
command_attribute,thirst,missing,docs/lib/information/command_attributes.txt:1912,,,9,BLACKMANTLE | GREATER SUSTENANCE | Reaver | RESTORE | SETATTR,HLIST | Theurgist | Hit
command_attribute,threaten,missing,docs/lib/information/command_attributes.txt:1914,,,0,,Heaven | TREE | Thri-Kreen
command_attribute,throat,partial,docs/lib/information/command_attributes.txt:1916,THROAT CRUSH,,10,ASPHYXIATE | Cr | Disruptive Blow | GARROTE | Mercenary Skills,
command_attribute,throat crush,exact,docs/lib/information/command_attributes.txt:460,THROAT CRUSH,THROAT CRUSH,0,,
command_attribute,throttle,missing,docs/lib/information/command_attributes.txt:1923,,,0,,
command_attribute,throw,exact,docs/lib/information/command_attributes.txt:467,SAVING THROW | Savingthrow | THROW | THROW LIGHTNING | THROWPOTION,THROW,0,,
command_attribute,throwpotion,exact,docs/lib/information/command_attributes.txt:471,THROWPOTION,THROWPOTION,0,,
command_attribute,thrust,partial,docs/lib/information/command_attributes.txt:1925,SWEEPING THRUST,,5,CRITICAL STAB | SPIKE GROWTH | SWEEPING THRUST | SWORDSMAN | Warrior Skills,
command_attribute,tickle,missing,docs/lib/information/command_attributes.txt:1927,,,1,Social actions,TACKLE | TITLE | TITLES
command_attribute,time,exact,docs/lib/information/command_attributes.txt:1929,TIME,TIME,0,,
command_attribute,timeout,missing,docs/lib/information/command_attributes.txt:1931,,,0,,TIME | Mount
command_attribute,tip,ambiguous,docs/lib/information/command_attributes.txt:1933,MULTI-PLAYING MULTIPLAYING MULTI | Multiplay | Multiplaying,,2,Hellfire | Social actions,
command_attribute,tiptoe,missing,docs/lib/information/command_attributes.txt:1935,,,1,Social actions,TITLE | TITLES
command_attribute,title,exact,docs/lib/information/command_attributes.txt:1937,"GOD, TITLE | Godtitle | TITLE | TITLES | TOGGLE_SHOW TITLES",TITLE,0,,
command_attribute,toggle,exact,docs/lib/information/command_attributes.txt:1939,NO LOCATE NO-LOCATE TOGGLE_NOLOCATE | PAGING TOGGLE_PAGING | TOGGLE | TOGGLE_AFK | TOGGLE_ANONYMOUS ANONYMOUS | TOGGLE_BATTLE ALERT | TOGGLE_BRIEF | TOGGLE_COMPACT | TOGGLE_ECHO | TOGGLE_GROUP NEEDED | TOGGLE_HINT CHANNEL | TOGGLE_MAP | TOGGLE_NCHAT | TOGGLE_PETITION | TOGGLE_SAVE NOTIFY | TOGGLE_SCREEN SIZE | TOGGLE_SHIP MAP | TOGGLE_SHOUT | TOGGLE_SHOW TITLES | TOGGLE_SHOWSPEC | TOGGLE_SMARTPROMPT | TOGGLE_TAKE | TOGGLE_TELL | TOGGLE_TERSE | TOGGLE_VICIOUS | TOGGLE_WEBINFO | TOGGLE_WIMPY,TOGGLE,0,,
command_attribute,tongue,missing,docs/lib/information/command_attributes.txt:1941,,,6,Cheek | COMPREHEND LANGUAGES | JIN TOUCH | Social actions | TAUNT,Rogue | TOGGLE
command_attribute,torture,missing,docs/lib/information/command_attributes.txt:1943,,,1,Beg,
command_attribute,toss,ambiguous,docs/lib/information/command_attributes.txt:1945,DIRT TOSS | Dirttoss | DIRTTOSS TOSS,,8,"DIRT TOSS | Potion of Slowness | RANDOM ""RANDOM EQUIMENT"" ""RANDOM MOB"" ""RANDOM ZONE"" | Random Equipment | SKILL_THIEF",
command_attribute,touch,ambiguous,docs/lib/information/command_attributes.txt:1947,Chill touch | GHASTLY TOUCH | JIN TOUCH | Natures Touch | Nether Touch | Scorching Touch | VAMPIRIC TOUCH,,64,Accelerated healing | Anti-Paladin | Anti-paladin Skills | BLACKMANTLE | Blighter Skills,
command_attribute,track,exact,docs/lib/information/command_attributes.txt:1949,IMPROVED TRACK | TRACK,TRACK,0,,
command_attribute,train,partial,docs/lib/information/command_attributes.txt:1951,RESTRAIN,,4,"Charing | CHARING ""CITY OF ELVES"" | HALF ELF | Skills",
command_attribute,trample,exact,docs/lib/information/command_attributes.txt:474,TRAMPLE,TRAMPLE,0,,
command_attribute,tranquilize,exact,docs/lib/information/command_attributes.txt:1953,TRANQUILIZE,TRANQUILIZE,0,,
command_attribute,transfer,exact,docs/lib/information/command_attributes.txt:1955,TRANSFER | TRANSFER WELLNESS,TRANSFER,0,,
command_attribute,trap,exact,docs/lib/information/command_attributes.txt:482,Soul Trap | TRAP | TRAPREMOVE | TRAPSET,TRAP,0,,
command_attribute,trapremove,exact,docs/lib/information/command_attributes.txt:1957,TRAPREMOVE,TRAPREMOVE,0,,
command_attribute,trapset,exact,docs/lib/information/command_attributes.txt:1959,TRAPSET,TRAPSET,0,,
command_attribute,trip,exact,docs/lib/information/command_attributes.txt:484,TRIP | TRIPLE ATTACK,TRIP,0,,
command_attribute,trophy,exact,docs/lib/information/command_attributes.txt:1961,Epic trophy | TROPHY,TROPHY,0,,
command_attribute,true strike,missing,docs/lib/information/command_attributes.txt:1963,,,0,,Double Strike | KI STRIKE | VAPOR STRIKE
command_attribute,tug,missing,docs/lib/information/command_attributes.txt:1965,,,1,Social actions,THUG | MUG | Hug
command_attribute,tummy,missing,docs/lib/information/command_attributes.txt:1967,,,0,,Mummify
command_attribute,tupor,exact,docs/lib/information/command_attributes.txt:1969,Induce Tupor | TUPOR,TUPOR,0,,
command_attribute,turn_in,missing,docs/lib/information/command_attributes.txt:1971,,,0,,
command_attribute,tweak,missing,docs/lib/information/command_attributes.txt:1973,,,1,Social actions,WEAR | TANK
command_attribute,twibble,missing,docs/lib/information/command_attributes.txt:1975,,,2,Bbl | Social actions,Nibble | TITLE
command_attribute,twiddle,missing,docs/lib/information/command_attributes.txt:1977,,,1,Social actions,Idle | TITLE
command_attribute,twirl,missing,docs/lib/information/command_attributes.txt:1979,,,1,Social actions,WAIL
command_attribute,twitch,missing,docs/lib/information/command_attributes.txt:1981,,,0,,SWITCH | WHICH | WITHER
command_attribute,type,missing,docs/lib/information/command_attributes.txt:1983,,,830,Accelerated healing | ACID RAIN | Acid stream | ACIDIMMOLATE | Adrenaline Control,
command_attribute,typo,partial,docs/lib/information/command_attributes.txt:1985,BUG IDEA TYPO,,8,Bug | BUG IDEA TYPO | Commands | Communications | COMMUNICATIONS UTILITIES,
command_attribute,unbind,exact,docs/lib/information/command_attributes.txt:1987,UNBIND,UNBIND,0,,
command_attribute,undress,missing,docs/lib/information/command_attributes.txt:1990,,,1,Social actions,Darkness
command_attribute,unhitch,missing,docs/lib/information/command_attributes.txt:1992,,,0,,WHICH | Punch | Notch
command_attribute,uninvite,exact,docs/lib/information/command_attributes.txt:1994,UNINVITE,UNINVITE,0,,
command_attribute,unlock,partial,docs/lib/information/command_attributes.txt:1996,OPEN CLOSE LOCK UNLOCK,,7,Commands | Lock | Open | OPEN CLOSE LOCK UNLOCK | Pick Lock,
command_attribute,unthrust,missing,docs/lib/information/command_attributes.txt:1998,,,0,,Encrust
command_attribute,up,ambiguous,docs/lib/information/command_attributes.txt:2000,"Auction Pickup | Disruptive Blow | Follow-Up Riposte | GOD, LOOKUP | GOD, SUPERVISE | Godlookup | Group | Group Globe of Invulnerability | GROUP HASTE | Group heal | Group Recall | Group Stone Skin | Group stornogs spheres | GROUP TELEPORT | Hiccup | Induce Tupor | LOOKUP | NEW-COMBAT ""NEW COMBAT"" ""GROUP RANKS"" RANKS ""FRONT RANK"" ""BACK RANK"" | NORTH SOUTH EAST WEST UP DOWN SOUTHWEST SOUTHEAST NORTHWEST NORTHEAST | Quadruple Attack | SPINAL CORRUPTION | Supernova | SUPERVISE | SUPPRESS SOUND | TOGGLE_GROUP NEEDED | TUPOR",,277,ACCOUNT | Accuse | Ack | ADVANCE | Agree,
command_attribute,use,ambiguous,docs/lib/information/command_attributes.txt:493,"Accuse | Cause Critical | Cause light | Cause Serious | Confuse | GOD, USERS | Godusers | INFUSE LIFE | INFUSE MAGICAL DEVICE | Magic User | MAGIC-USER | Mousestrength | Multi-user dungeon | s_Wayhouse' | USE WANDS STAFF STAVES | USERS",,206,1h Bludgeon | 1h flaying | 1h Piercing | 1h slashing | 2h flaying,
command_attribute,users,exact,docs/lib/information/command_attributes.txt:2003,"GOD, USERS | Godusers | USERS",USERS,0,,
command_attribute,value,exact,docs/lib/information/command_attributes.txt:2005,VALUE,VALUE,0,,
command_attribute,veto,missing,docs/lib/information/command_attributes.txt:2007,,,1,Social actions,
command_attribute,vis,ambiguous,docs/lib/information/command_attributes.txt:2009,"Animal Vision | DAYVISION | Detect Invisibility | Dispel Invisible | GOD, SUPERVISE | GOD, VIS | Godvis | Hawkvision | Hymn of morbid visions | Improved Invisibility | Infravision | Invisibility | Lodestone vision | Mass Invisibility | Molevision | Shadow Vision | STUNNING VISIONS | SUPERVISE | ULTRAVISION | VISION OF THE DEAD",,4,"GOD, VIS | Godcommands | Godvis | Invisibility",
command_attribute,vote,missing,docs/lib/information/command_attributes.txt:2011,,,1,OT,OT | Emote
command_attribute,wail,exact,docs/lib/information/command_attributes.txt:2013,WAIL,WAIL,0,,
command_attribute,wait,missing,docs/lib/information/command_attributes.txt:2015,,,22,Ask | Auction Offer | Camp | chaos craft pouch | chaos pouch,WAIL | WRITE | Wight
command_attribute,wake,ambiguous,docs/lib/information/command_attributes.txt:2017,Awaken Forest | WAKE REST SIT STAND KNEEL RECLINE ALERT,,7,AID OF THE HEAVENS | Commands | GUARDIAN SPIRITS | Sleep | Song of Sleep,
command_attribute,war cry,exact,docs/lib/information/command_attributes.txt:495,WAR CRY,WAR CRY,0,,
command_attribute,warcry,exact,docs/lib/information/command_attributes.txt:2019,WARCRY,WARCRY,0,,
command_attribute,wave,ambiguous,docs/lib/information/command_attributes.txt:2021,Dread Wave | PSIONIC WAVE BLAST | WAVES OF FATIGUE,,24,AEGIS SQUAMARUM | ANTIMATTER COLLISION | Ayt | BIGBY'S CLENCHED FIST | Bigbys Clenched Fist,
command_attribute,wear,exact,docs/lib/information/command_attributes.txt:2023,WEAR,WEAR,0,,
command_attribute,weather,exact,docs/lib/information/command_attributes.txt:2026,Control Weather | WEATHER,WEATHER,0,,
command_attribute,webwrap,missing,docs/lib/information/command_attributes.txt:497,,,1,Drider,
command_attribute,wedgie,missing,docs/lib/information/command_attributes.txt:2028,,,0,,
command_attribute,welcome,missing,docs/lib/information/command_attributes.txt:2030,,,7,Bank | Exchange | EXCHANGE BANKS BALANCE DEPOSIT WITHDRAW | INROOM | New Player Guides,ECHOE | Comet
command_attribute,west,partial,docs/lib/information/command_attributes.txt:2032,NORTH SOUTH EAST WEST UP DOWN SOUTHWEST SOUTHEAST NORTHWEST NORTHEAST,,10,"Brief Mode | Charing | CHARING ""CITY OF ELVES"" | Commands | Construct",
command_attribute,wet,missing,docs/lib/information/command_attributes.txt:2035,,,4,CASCADING ELEMENTAL BEAM | Social actions | STATIC DISCHARGE | SUMMON BLIZZARD,WEB | Pet | Get
command_attribute,whap,missing,docs/lib/information/command_attributes.txt:2037,,,1,Social actions,Harp | Harpy
command_attribute,whatever,missing,docs/lib/information/command_attributes.txt:2039,,,21,Assist | Calm | CASCADING ELEMENTAL BEAM | Chant | Chants,WEATHER | Shatter
command_attribute,wheeze,missing,docs/lib/information/command_attributes.txt:2041,,,1,Social actions,WHERE | Sneeze | FREEZE
command_attribute,where,exact,docs/lib/information/command_attributes.txt:2043,"GOD, WHERE | Godwhere | QUESTWHERE | WHERE",WHERE,0,,
command_attribute,which,exact,docs/lib/information/command_attributes.txt:2045,WHICH,WHICH,0,,
command_attribute,whimper,missing,docs/lib/information/command_attributes.txt:2047,,,1,Social actions,WIMPY | WHERE
command_attribute,whine,missing,docs/lib/information/command_attributes.txt:2049,,,2,Drool | Social actions,Mine | Hide
command_attribute,whip,partial,docs/lib/information/command_attributes.txt:2051,Ego Whip,,9,Ego Whip | IMPROVED TWO WEAPON FIGHTING | MindFlayer | MindFlayer Skills | Parry,
command_attribute,whirlwind,exact,docs/lib/information/command_attributes.txt:500,Arcane Whirlwind | WHIRLWIND,WHIRLWIND,0,,
command_attribute,whisper,partial,docs/lib/information/command_attributes.txt:2053,SAY TELL WHISPER ASK,,9,Ask | Commands | Communications | COMMUNICATIONS UTILITIES | INDOMITABLE RAGE,
command_attribute,whistle,missing,docs/lib/information/command_attributes.txt:2055,,,2,Blow | Social actions,WRITE | WHOIS | TITLE
command_attribute,whitelist,exact,docs/lib/information/command_attributes.txt:2057,WHITELIST,WHITELIST,0,,
command_attribute,who,exact,docs/lib/information/command_attributes.txt:2059,WHO | WHOIS,WHO,0,,
command_attribute,whois,exact,docs/lib/information/command_attributes.txt:2070,WHOIS,WHOIS,0,,
command_attribute,wield,exact,docs/lib/information/command_attributes.txt:2072,Dual Wield | WIELD,WIELD,0,,
command_attribute,wiggle,missing,docs/lib/information/command_attributes.txt:2074,,,1,Social actions,Giggle | TOGGLE | Boggle
command_attribute,will,partial,docs/lib/information/command_attributes.txt:502,TOWER OF IRON WILL,,700,"ABORT | AC ""ARMOR CLASS"" | Accuse | Acid Blood | ACID RAIN",
command_attribute,wince,missing,docs/lib/information/command_attributes.txt:2076,,,1,Social actions,Silence | Mine
command_attribute,wink,partial,docs/lib/information/command_attributes.txt:2078,TWINK,,3,Flirt | Seduce | Social actions,
command_attribute,wish,missing,docs/lib/information/command_attributes.txt:2080,,,44,Ask | Berserk | Classes | Consent | Drop,IWIS | Wight | WHOIS
command_attribute,wit,ambiguous,docs/lib/information/command_attributes.txt:2082,"EXCHANGE BANKS BALANCE DEPOSIT WITHDRAW | GOD, SWITCH | Godswitch | Pass without trace | Potion of Wither | SWITCH | SWITCH OPPONENTS | WITHER",,4,Barbarian | CONTAGION | Gnome | TAUNT,
command_attribute,withdraw,partial,docs/lib/information/command_attributes.txt:2084,EXCHANGE BANKS BALANCE DEPOSIT WITHDRAW,,10,Commands | Construct | Disengage | Exchange | EXCHANGE BANKS BALANCE DEPOSIT WITHDRAW,
command_attribute,wizconnect,exact,docs/lib/information/command_attributes.txt:2086,WIZCONNECT,WIZCONNECT,0,,
command_attribute,wizhelp,exact,docs/lib/information/command_attributes.txt:2088,"GOD, WIZHELP | Godwizhelp | WIZHELP",WIZHELP,0,,
command_attribute,wizlist,exact,docs/lib/information/command_attributes.txt:2090,WIZLIST,WIZLIST,0,,
command_attribute,wizlock,exact,docs/lib/information/command_attributes.txt:2092,"GOD, WIZLOCK | Godwizlock | WIZLOCK",WIZLOCK,0,,
command_attribute,wizmsg,exact,docs/lib/information/command_attributes.txt:2094,"GOD, WIZMSG | Godwizmsg | WIZMSG",WIZMSG,0,,
command_attribute,woops,missing,docs/lib/information/command_attributes.txt:2096,,,1,Social actions,
command_attribute,world,exact,docs/lib/information/command_attributes.txt:2098,WORLD,WORLD,0,,
command_attribute,worship,missing,docs/lib/information/command_attributes.txt:2100,,,7,Druid | Priest | Shaman | Ship | Social actions,Ship | ships
command_attribute,wrap,missing,docs/lib/information/command_attributes.txt:2102,,,5,Death Knight | Drider | EMPOWER SONG | Enhance Armor | PROTECT SOUL,TRAP
command_attribute,wrinkle,missing,docs/lib/information/command_attributes.txt:2104,,,0,,WRITE | TWINK | Drink
command_attribute,write,exact,docs/lib/information/command_attributes.txt:2106,WRITE,WRITE,0,,
command_attribute,yabba,missing,docs/lib/information/command_attributes.txt:2108,,,0,,
command_attribute,yahoo,missing,docs/lib/information/command_attributes.txt:2110,,,0,,
command_attribute,yawn,missing,docs/lib/information/command_attributes.txt:2112,,,1,Social actions,Spawn
command_attribute,yeehaw,missing,docs/lib/information/command_attributes.txt:2114,,,0,,
command_attribute,yodel,missing,docs/lib/information/command_attributes.txt:2116,,,1,Social actions,
command_attribute,zap,missing,docs/lib/information/command_attributes.txt:2118,,,3,"GOD, LIGHTNING | Godlightning | Life Ward",Map
command_attribute,zcheck,exact,docs/lib/information/command_attributes.txt:2120,ZCHECK,ZCHECK,0,,
command_attribute,zlist,exact,docs/lib/information/command_attributes.txt:2122,WIZLIST | ZLIST,ZLIST,0,,
command_attribute,zone,ambiguous,docs/lib/information/command_attributes.txt:2124,"RANDOM ""RANDOM EQUIMENT"" ""RANDOM MOB"" ""RANDOM ZONE"" | Random zones | ZONE GOD | ZONES",,78,ACHIEVEMENTS | Area | Area making | Areamaking | Congratulate,
command_attribute,zreset,exact,docs/lib/information/command_attributes.txt:2126,ZRESET,ZRESET,0,,
command_attribute,ztestdesc,exact,docs/lib/information/command_attributes.txt:2128,ZTESTDESC,ZTESTDESC,0,,
help_hint,ansi,exact,src/cmd/actoth.c:193,Ansi | ANSI COLORS | Forgotten Mansion Guides,Ansi,0,,
help_hint,named equipment,exact,src/item/randomeq.c:909,NAMED EQUIPMENT,NAMED EQUIPMENT,0,,
help_hint,RACEWAR,exact,src/specs/specs.newbie2.c:47,RACEWAR | Racewars | RACEWARS PKILL PLAYERKILL,RACEWAR,0,,
help_hint,string,exact,src/net/modify.c:1090,"GOD, STRING | Godstring | Hamstring | STRING",STRING,0,,
innate,acid blood,exact,src/classes/innates.c:209,Acid Blood,Acid Blood,0,,
innate,ally,partial,src/classes/innates.c:290,Mortally wounded,,3,GROUP HASTE | Soul Trap | STATIC DISCHARGE,
innate,amorphous body,missing,src/classes/innates.c:283,,,0,,
innate,anti-evil,missing,src/classes/innates.c:154,,,2,Paladin | Paladin Skills,
innate,anti-good,missing,src/classes/innates.c:153,,,2,Anti-Paladin | Anti-paladin Skills,
innate,arcane rudiments,missing,src/classes/innates.c:317,,,0,,Aravne guides | Arcane Riposte
innate,astral affinity,exact,src/classes/innates.c:247,Astral Affinity,Astral Affinity,0,,
innate,aura_of_battlelust,missing,src/classes/innates.c:261,,,0,,Aura of Battle Lust
innate,aura_of_endurance,missing,src/classes/innates.c:262,,,0,,Aura of Endurance | Endurance
innate,aura_of_improved_healing,missing,src/classes/innates.c:263,,,0,,Aura of Improved Healing
innate,aura_of_precision,missing,src/classes/innates.c:260,,,0,,Aura of Precision | Aura of Protection
innate,aura_of_protection,missing,src/classes/innates.c:259,,,0,,Aura of Protection | Aura of Precision | Baladors Protection
innate,aura_of_spell_protection,missing,src/classes/innates.c:306,,,0,,Aura of Protection
innate,aura_of_vigor,missing,src/classes/innates.c:264,,,0,,Aura of Vigor
innate,axe master,missing,src/classes/innates.c:233,,,1,Mountain dwarf,Flame mastery | Blademaster | Hammer Mastery
innate,barter,exact,src/classes/innates.c:211,Barter,Barter,0,,
innate,battle frenzy,missing,src/classes/innates.c:188,,,3,Dragoon | Dragoon Skills | Duergar dwarf,Battle-forger | Battle senses | Battle orders
innate,battlefield aid,missing,src/classes/innates.c:214,,,2,Aid | Bounty Hunter,Battleaid
innate,battlerage,missing,src/classes/innates.c:198,,,2,Age | Duergar dwarf,Battle-forger | Battleaid | BATTLETIDE
innate,bite,exact,src/classes/innates.c:161,Bite | Cenobite | Frostbite | Neckbite,Bite,0,,
innate,blast,exact,src/classes/innates.c:156,Acid blast | ARCTIC BLAST | Blast | CORROSIVE BLAST | EGO BLAST | Negative Concussion Blast | PSIONIC WAVE BLAST | Scalding Blast,Blast,0,,
innate,blindsinging,missing,src/classes/innates.c:226,,,1,Minstrel,BINDING WIND | Lightning Ring
innate,blood scent,exact,src/classes/innates.c:222,BLOOD SCENT,BLOOD SCENT,0,,
innate,blur,exact,src/classes/innates.c:280,Blur,Blur,0,,
innate,bodyslam,exact,src/classes/innates.c:151,Bodyslam,Bodyslam,0,,
innate,bow mastery,missing,src/classes/innates.c:241,,,0,,SCRIBE MASTERY | TOTEMIC MASTERY | STAFF MASTERY
innate,branch,missing,src/classes/innates.c:229,,,3,Conjurer | Necromancer | Planetbound Illithid,French | Banish | BAN
innate,breathe,exact,src/classes/innates.c:170,"Breathe | BREATHE ""INNATE BREATHE"" | Breathe frost",Breathe,0,,
innate,bulwark,missing,src/classes/innates.c:297,,,3,EPIC WARDING FAITH | Guard | Guardian,Bark
innate,burrow,missing,src/classes/innates.c:181,,,1,Halfling,Bow
innate,call of the grave,exact,src/classes/innates.c:278,Call of the Grave,Call of the Grave,0,,
innate,calming,partial,src/classes/innates.c:294,Song of calming,,12,Bard Skills | Calm | Charisma | Harp | HARPY GARGOYLE,
innate,charge,exact,src/classes/innates.c:165,Charge | Ethereal discharge | Ethereal Recharge | Greater Ethereal Recharge | Lance Charge | RECHARGER | STATIC DISCHARGE,Charge,0,,
innate,charm animal,exact,src/classes/innates.c:180,Charm Animal,Charm Animal,0,,
innate,command aura,exact,src/classes/innates.c:250,Command aura,Command aura,0,,
innate,conjure water,exact,src/classes/innates.c:210,Conjure Water,Conjure Water,0,,
innate,damage spread,missing,src/classes/innates.c:199,,,0,,
innate,darkness,exact,src/classes/innates.c:142,Darkness | Globe of Darkness | SLASHING DARKNESS,Darkness,0,,
innate,dauntless,missing,src/classes/innates.c:266,,,1,Barbarian,Darkness
innate,dayblind,missing,src/classes/innates.c:216,,,7,Drow elf | Duergar dwarf | Githyanki | Goblin | Kuo toa,Bind
innate,dayvision,exact,src/classes/innates.c:201,DAYVISION,DAYVISION,0,,
innate,deceptive flee,missing,src/classes/innates.c:251,,,2,Flee | Magician,
innate,decrepify,exact,src/classes/innates.c:239,Decrepify,Decrepify,0,,
innate,detect subversion,missing,src/classes/innates.c:311,,,1,Bounty Hunter,Detect Illusion | Chant of subversion
innate,disappear,exact,src/classes/innates.c:185,Disappear | Innate disappear,Disappear,0,,
innate,diseased bite,missing,src/classes/innates.c:275,,,0,,Disease
innate,dispel,ambiguous,src/classes/innates.c:182,Dispel Evil | Dispel Good | Dispel Invisible | Dispel Lifeforce | Dispel Magic | Potion of Dispel Magic,,67,AFFECTPURGE | Alchemist Skills | ANTI-MAGIC RAY | Anti-paladin Skills | Bard Skills,
innate,divine force,missing,src/classes/innates.c:276,,,1,Orc,Divine Home | DIVINE FURY | DIVINE FONT
innate,doorbash,exact,src/classes/innates.c:146,Doorbash,Doorbash,0,,
innate,doorkick,exact,src/classes/innates.c:163,Doorkick,Doorkick,0,,
innate,drain life,missing,src/classes/innates.c:236,,,3,Anti-Paladin | Anti-paladin Skills | BLOOD REAVER,INFUSE LIFE
innate,dual wielding master,missing,src/classes/innates.c:286,,,3,Dual Wield | Ranger | Ranger Skills,Healing Mastery | Dual Wield
innate,echo,exact,src/classes/innates.c:228,"Echo | ECHO (IMMORTAL) | ECHOA | ECHOE | ECHOG | ECHOT | ECHOU | ECHOZ | GOD, ECHO | GOD, ECHOA | GOD, ECHOZ | Godecho | Godechoa | TOGGLE_ECHO",Echo,0,,
innate,elemental body,missing,src/classes/innates.c:282,,,0,,Elemental Fury | Elemental Form | Elemental Power
innate,elemental power,exact,src/classes/innates.c:309,Elemental Power,Elemental Power,0,,
innate,embrace death,exact,src/classes/innates.c:235,Embrace Death,Embrace Death,0,,
innate,engulf,missing,src/classes/innates.c:284,,,0,,
innate,enlarge,exact,src/classes/innates.c:167,Enlarge,Enlarge,0,,
innate,entrapment,missing,src/classes/innates.c:268,,,2,Brigand | GRAPPLER COMBAT,TRAPSET | Instrument
innate,evasion,exact,src/classes/innates.c:244,Evasion,Evasion,0,,
innate,eyeless,missing,src/classes/innates.c:205,,,8,Avenger | Avenger Skills | Battle senses | DIRT TOSS | Dreadlord,WELLNESS | Bless
innate,fade,exact,src/classes/innates.c:254,FADE,FADE,0,,
innate,faerie fire,exact,src/classes/innates.c:143,Faerie Fire | Potion of Faerie Fire,Faerie Fire,0,,
innate,farsee,exact,src/classes/innates.c:193,Farsee,Farsee,0,,
innate,fire aura,exact,src/classes/innates.c:271,Fire Aura,Fire Aura,0,,
innate,fireball,exact,src/classes/innates.c:172,Fireball,Fireball,0,,
innate,fireshield,exact,src/classes/innates.c:173,Fireshield,Fireshield,0,,
innate,firestorm,exact,src/classes/innates.c:174,Firestorm,Firestorm,0,,
innate,flurry,exact,src/classes/innates.c:186,"Flurry | FLURRY ""INNATE FLURRY"" | Flurry of Blows",Flurry,0,,
innate,fly,exact,src/classes/innates.c:190,Fly | FLY (IMMORTAL) | Fly-eq | Mass Fly | Potion of Fly,Fly,0,,
innate,forest sight,missing,src/classes/innates.c:197,,,9,Blighter | Blighter Skills | Druid | Druid Skills | Firbolg,SPIRIT SIGHT | Forest druid | Faerie Sight
innate,foundry,exact,src/classes/innates.c:253,Foundry,Foundry,0,,
innate,frightening presence,missing,src/classes/innates.c:225,,,0,,
innate,gamblers luck,missing,src/classes/innates.c:221,,,2,Halfling | Luck,
innate,gaze,exact,src/classes/innates.c:234,Gaze,Gaze,0,,
innate,giant avoidance,missing,src/classes/innates.c:304,,,2,Dance | Mountain dwarf,
innate,globe of darkness,exact,src/classes/innates.c:183,Globe of Darkness,Globe of Darkness,0,,
innate,god call,exact,src/classes/innates.c:196,God call,God call,0,,
innate,groundfighting,exact,src/classes/innates.c:240,Groundfighting,Groundfighting,0,,
innate,hammer master,partial,src/classes/innates.c:232,Hammer Mastery,,3,Hammer | Mountain dwarf | Ragelord,
innate,hatred,exact,src/classes/innates.c:243,Hatred,Hatred,0,,
innate,holy combat,missing,src/classes/innates.c:303,,,4,Celestial aura | Comb | Paladin | Paladin Skills,SHIELD COMBAT | Ship Combat | Holyman
innate,holy crusade,exact,src/classes/innates.c:257,Holy Crusade,Holy Crusade,0,,
innate,holy light,exact,src/classes/innates.c:249,HOLY LIGHT,HOLY LIGHT,0,,
innate,horse body,partial,src/classes/innates.c:140,Innate horse body,,4,Centaur | Inn | Innate | Innate horse body,
innate,ice aura,missing,src/classes/innates.c:288,,,0,,Fire Aura | Centaur | Call asura
innate,improved flee,exact,src/classes/innates.c:227,Improved Flee,Improved Flee,0,,
innate,improved healing,partial,src/classes/innates.c:220,Aura of Improved Healing,,12,Aura of Battle Lust | Aura of Endurance | Aura of Improved Healing | Aura of Precision | Aura of Protection,
innate,infernal fury,exact,src/classes/innates.c:314,INFERNAL FURY,INFERNAL FURY,0,,
innate,infravision,exact,src/classes/innates.c:147,Infravision,Infravision,0,,
innate,intercept,missing,src/classes/innates.c:310,,,1,Bounty Hunter,INTRODUCE
innate,invisibility,exact,src/classes/innates.c:144,Detect Invisibility | Improved Invisibility | Invisibility | Mass Invisibility,Invisibility,0,,
innate,knight,exact,src/classes/innates.c:207,CALL KNIGHT | Dark knight | Death Knight | Deathknight | Knight,Knight,0,,
innate,lay hands,exact,src/classes/innates.c:256,Lay hands,Lay hands,0,,
innate,leap,partial,src/classes/innates.c:162,SPRINGLEAP,,7,CURSED ARROWS | Hop | LIGHTNING SHIELD | MAUL | SPIRIT JUMP,
innate,levitate,exact,src/classes/innates.c:141,Levitate,Levitate,0,,
innate,living stone,exact,src/classes/innates.c:312,GREATER LIVING STONE | LIVING STONE | Potion of Greater Living Stone | Potion of Living Stone,LIVING STONE,0,,
innate,longsword master,missing,src/classes/innates.c:295,,,4,Drow elf | Grey elf | Half-Elf | Wood Elf,
innate,magic resistance,exact,src/classes/innates.c:213,Magic Resistance,Magic Resistance,0,,
innate,magic vulnerability,missing,src/classes/innates.c:301,,,1,Ogre,Globe of Invulnerability | Minor Globe of Invulnerability
innate,magical reduction,missing,src/classes/innates.c:258,,,3,Duergar dwarf | Magic | Mountain dwarf,
innate,mass dispel,missing,src/classes/innates.c:184,,,0,,Mass Heal | Massrip
innate,melee mastery,missing,src/classes/innates.c:296,,,0,,SPELL MASTERY | Flame mastery | Hammer Mastery
innate,mind of the dragon,missing,src/classes/innates.c:245,,,1,Red dragon,Mind of dragon | Fist of Dragon | VISION OF THE DEAD
innate,miner,missing,src/classes/innates.c:252,,,0,,Mine | FINGER | MindFlayer
innate,mummify,exact,src/classes/innates.c:224,Mummify,Mummify,0,,
innate,natural movement,missing,src/classes/innates.c:300,,,1,Huntsman,
innate,ogre roar,missing,src/classes/innates.c:155,,,1,Ogre,Ogreroar
innate,ophidian eyes,missing,src/classes/innates.c:315,,,2,Dragoon | Dragoon Skills,
innate,outdoor sneak,exact,src/classes/innates.c:150,Outdoor Sneak,Outdoor Sneak,0,,
innate,perception,exact,src/classes/innates.c:215,Perception,Perception,0,,
innate,phantasmal form,missing,src/classes/innates.c:192,,,2,Phantom | Shade,
innate,plane shift,exact,src/classes/innates.c:179,Plane shift,Plane shift,0,,
innate,project image,missing,src/classes/innates.c:171,,,1,Shadow Beast,Project | PRESTIGE
innate,protection from acid,exact,src/classes/innates.c:270,Protection From Acid,Protection From Acid,0,,
innate,protection from cold,exact,src/classes/innates.c:269,Protection From Cold,Protection From Cold,0,,
innate,protection from fire,exact,src/classes/innates.c:175,Protection From Fire,Protection From Fire,0,,
innate,protection from lightning,exact,src/classes/innates.c:178,Protection From Lightning,Protection From Lightning,0,,
innate,pyrokinesis,exact,src/classes/innates.c:237,Pyrokinesis,Pyrokinesis,0,,
innate,quick thinker,missing,src/classes/innates.c:218,,,2,Half-Elf | Halfling,QUICK STEP | Quick Chant
innate,rapier and dirk,missing,src/classes/innates.c:281,,,3,Mercenary | Mercenary Skills | Swashbuckler,
innate,reduce,exact,src/classes/innates.c:169,Reduce,Reduce,0,,
innate,regeneration,exact,src/classes/innates.c:168,Regeneration,Regeneration,0,,
innate,remort,exact,src/classes/innates.c:308,Remort | REMORT ASCEND,Remort,0,,
innate,requiem,partial,src/classes/innates.c:289,Requiem of the Crypts,,3,Cr | Cry | Requiem of the Crypts,
innate,resurrection,exact,src/classes/innates.c:219,Resurrection,Resurrection,0,,
innate,sacrilegious power,missing,src/classes/innates.c:279,,,3,Cr | Power | Vampire,
innate,seadog,missing,src/classes/innates.c:305,,,3,Human | Orc | Swashbuckler,Shadow
innate,sense weakness,exact,src/classes/innates.c:208,Sense Weakness,Sense Weakness,0,,
innate,shade movement,missing,src/classes/innates.c:194,,,0,,SHADOW MOVEMENT | Ship movement | SHIP_MOVEMENT
innate,shadow door,missing,src/classes/innates.c:195,,,1,Revenant,Shadow Aura | Shadow Monster | Shadow
innate,shapechange,exact,src/classes/innates.c:187,Shapechange | SHAPECHANGE SHAPE,Shapechange,0,,
innate,shift ethereal,missing,src/classes/innates.c:246,,,0,,Shift astral
innate,shift_astral,missing,src/classes/innates.c:158,,,5,Githzerai | Illithid | Phantom | Planetbound Illithid | Shift astral,Shift astral
innate,shift_prime,missing,src/classes/innates.c:159,,,5,Githzerai | Illithid | Phantom | Planetbound Illithid | Shift prime,Shift prime
innate,slime,missing,src/classes/innates.c:285,,,4,ACIDIMMOLATE | BLIGHT | CREATE WATER | Sneeze,TIME | SWIM | SLIP
innate,sneak,exact,src/classes/innates.c:177,"Outdoor Sneak | Outdoorsneak | Sneak | SNEAKY STRIKE | SQUERRIKS SNEAKY WAYS | UD-SNEAK ""UD SNEAK""",Sneak,0,,
innate,spacial focus,exact,src/classes/innates.c:255,Spacial Focus,Spacial Focus,0,,
innate,spawn,exact,src/classes/innates.c:272,Hellspawn | Shadow Spawn | Spawn,Spawn,0,,
innate,speed,ambiguous,src/classes/innates.c:287,Pantherspeed | Snailspeed | WOLFSPEED,,43,Alchemist | Artifact_orbofthesea | ARTIFACTS | Battle senses | BRAVO,
innate,speedy,missing,src/classes/innates.c:265,,,1,Air magus,WOLFSPEED
innate,spell absorb,missing,src/classes/innates.c:202,,,1,Lich,Spell Slot | SPELL MASTERY | Spell Slots
innate,spider body,missing,src/classes/innates.c:292,,,1,Drider,
innate,spirit of the rrakkma,exact,src/classes/innates.c:274,Spirit of the Rrakkma,Spirit of the Rrakkma,0,,
innate,stampede,missing,src/classes/innates.c:164,,,1,Centaur,TRAMPLE | Cramped
innate,stone skin,exact,src/classes/innates.c:191,Group Stone Skin | STONE SKIN,STONE SKIN,0,,
innate,strength,exact,src/classes/innates.c:145,"Bear Strength | BEARSTRENGTH | Elephant Strength | ELEPHANTSTRENGTH | Enhance Strength | EPIC STRENGTH | Mousestrength | SPELL, STRENGTH | STRENGTH | UNHOLY STRENGTH",STRENGTH,0,,
innate,summon book,exact,src/classes/innates.c:217,SUMMON BOOK,SUMMON BOOK,0,,
innate,summon horde,exact,src/classes/innates.c:148,SUMMON HORDE,SUMMON HORDE,0,,
innate,summon host,missing,src/classes/innates.c:291,,,0,,SUMMON GHASTS | SUMMON MOUNT | SUMMON HORDE
innate,summon imp,missing,src/classes/innates.c:231,,,0,,SUMMON | SUMMON MOUNT | SUMMON SPIRIT
innate,summon mount,exact,src/classes/innates.c:152,SUMMON MOUNT,SUMMON MOUNT,0,,
innate,summon totem,missing,src/classes/innates.c:267,,,2,Goblin | OT,SUMMON HORDE | Summoner | SUMMON BOOK
innate,summon warg,missing,src/classes/innates.c:242,,,1,Orc,Summoner | SUMMON | SUMMON HORDE
innate,swamp sneak,missing,src/classes/innates.c:293,,,3,Kuo toa | Sneak | Troll,
innate,throw lightning,exact,src/classes/innates.c:189,THROW LIGHTNING,THROW LIGHTNING,0,,
innate,troll skin,missing,src/classes/innates.c:200,,,2,Roll | Troll,STONE SKIN | Troll
innate,tupor,exact,src/classes/innates.c:176,Induce Tupor | TUPOR,TUPOR,0,,
innate,two daggers,exact,src/classes/innates.c:248,Two daggers,Two daggers,0,,
innate,two-handed sword mastery,missing,src/classes/innates.c:302,,,1,Centaur,
innate,ud-sneak,partial,src/classes/innates.c:157,"UD-SNEAK ""UD SNEAK""",,6,Duergar dwarf | Kobold | Outdoorsneak | Shadow Beast | Sneak,
innate,ultravision,exact,src/classes/innates.c:149,ULTRAVISION,ULTRAVISION,0,,
innate,undead fealty,missing,src/classes/innates.c:277,,,1,Lich,
innate,unholy alliance,exact,src/classes/innates.c:223,UNHOLY ALLIANCE,UNHOLY ALLIANCE,0,,
innate,vampiric touch,exact,src/classes/innates.c:160,VAMPIRIC TOUCH,VAMPIRIC TOUCH,0,,
innate,vision of the dead,exact,src/classes/innates.c:307,VISION OF THE DEAD,VISION OF THE DEAD,0,,
innate,vulnerable to cold,missing,src/classes/innates.c:204,,,1,Thri-Kreen,
innate,vulnerable to fire,missing,src/classes/innates.c:203,,,9,Fire | hints | Phantom | Revenant | Shade,
innate,vulnerable to sun,missing,src/classes/innates.c:238,,,12,Death Knight | Drow elf | Duergar dwarf | Githyanki | Illithid,
innate,wall climbing,missing,src/classes/innates.c:298,,,2,Thief | Thief Skills,Call lightning
innate,warcallers fury,missing,src/classes/innates.c:273,,,1,Orog,STORMCALLERS FURY
innate,warding faith,partial,src/classes/innates.c:316,EPIC WARDING FAITH,,1,EPIC WARDING FAITH,
innate,waterbreath,exact,src/classes/innates.c:166,WATERBREATH,WATERBREATH,0,,
innate,weapon immunity,missing,src/classes/innates.c:212,,,0,,
innate,webwrap,missing,src/classes/innates.c:230,,,1,Drider,
innate,wildmagic,exact,src/classes/innates.c:206,WILDMAGIC,WILDMAGIC,0,,
innate,woodland renewal,missing,src/classes/innates.c:299,,,1,Huntsman,
race,Barbarian,exact,src/core/common.c:82,Barbarian,Barbarian,0,,
race,Centaur,exact,src/core/common.c:95,Centaur,Centaur,0,,
race,Death Knight,exact,src/core/common.c:103,Death Knight,Death Knight,0,,
race,Drider,exact,src/core/common.c:111,Drider,Drider,0,,
race,Drow Elf,exact,src/core/common.c:83,Drow elf,Drow elf,0,,
race,Duergar Dwarf,exact,src/core/common.c:86,Duergar dwarf,Duergar dwarf,0,,
race,Firbolg,exact,src/core/common.c:116,Firbolg,Firbolg,0,,
race,Githyanki,exact,src/core/common.c:96,Githyanki,Githyanki,0,,
race,Githzerai,exact,src/core/common.c:110,Githzerai | Githzerai stronghold,Githzerai,0,,
race,Gnome,exact,src/core/common.c:88,Gnome | Gnome directions,Gnome,0,,
race,Goblin,exact,src/core/common.c:100,Goblin,Goblin,0,,
race,Grey Elf,exact,src/core/common.c:84,Grey elf,Grey elf,0,,
race,Half-Elf,exact,src/core/common.c:91,Half-Elf,Half-Elf,0,,
race,Halfling,exact,src/core/common.c:87,Halfling,Halfling,0,,
race,Harpy,exact,src/core/common.c:108,Harpy | HARPY GARGOYLE | Harpy settlement,Harpy,0,,
race,Human,exact,src/core/common.c:81,Human,Human,0,,
race,Illithid,exact,src/core/common.c:92,Illithid | Planetbound Illithid,Illithid,0,,
race,Kobold,exact,src/core/common.c:112,Kobold,Kobold,0,,
race,Kuo Toa,exact,src/core/common.c:114,Kuo toa,Kuo toa,0,,
race,Lich,exact,src/core/common.c:101,Create dracolich | Create greater dracolich | Lich | Raise Lich,Lich,0,,
race,Minotaur,exact,src/core/common.c:97,Minotaur,Minotaur,0,,
race,Mountain Dwarf,exact,src/core/common.c:85,Mountain dwarf,Mountain dwarf,0,,
race,Ogre,exact,src/core/common.c:89,Ogre | Ogreroar,Ogre,0,,
race,Orc,exact,src/core/common.c:93,"Armorclass | Dispel Lifeforce | FORCE | GOD, FORCE | Godforce | Orc | Scorching Touch | SKILL_SORCERER | Sorcerer | Sorcerer Skills | Sorcerous Spell Knowledge | WALL OF FORCE",Orc,0,,
race,Orog,exact,src/core/common.c:109,Orog,Orog,0,,
race,Phantom,exact,src/core/common.c:107,Phantom | Phantom armor,Phantom,0,,
race,Planetbound Illithid,exact,src/core/common.c:113,Planetbound Illithid,Planetbound Illithid,0,,
race,Revenant,exact,src/core/common.c:99,Revenant,Revenant,0,,
race,Shade,exact,src/core/common.c:98,Shade,Shade,0,,
race,Shadow Beast,exact,src/core/common.c:104,Shadow Beast,Shadow Beast,0,,
race,Storm Giant,exact,src/core/common.c:105,Storm Giant,Storm Giant,0,,
race,Thri-Kreen,exact,src/core/common.c:94,Thri-Kreen,Thri-Kreen,0,,
race,Tiefling,exact,src/core/common.c:117,Tiefling,Tiefling,0,,
race,Troll,exact,src/core/common.c:90,"Hitroll | Troll | TROLL ""SWAMP TROLL""",Troll,0,,
race,Vampire,exact,src/core/common.c:102,Chime of the vampire | Raise Vampire | Vampire,Vampire,0,,
race,Wight,exact,src/core/common.c:106,Wight,Wight,0,,
race,Wood Elf,exact,src/core/common.c:115,Wood Elf,Wood Elf,0,,
skill,1h bludgeon,exact,src/classes/skills.c:3992,1h Bludgeon,1h Bludgeon,0,,
skill,1h flaying,exact,src/classes/skills.c:4070,1h flaying,1h flaying,0,,
skill,1h piercing,exact,src/classes/skills.c:4044,1h Piercing,1h Piercing,0,,
skill,1h slashing,exact,src/classes/skills.c:4022,1h slashing,1h slashing,0,,
skill,2h bludgeon,exact,src/classes/skills.c:4080,2H BLUDGEON,2H BLUDGEON,0,,
skill,2h flaying,exact,src/classes/skills.c:4117,2h flaying,2h flaying,0,,
skill,2h slashing,exact,src/classes/skills.c:4105,2h Slashing,2h Slashing,0,,
skill,aerial casting,exact,src/classes/skills.c:3480,AERIAL CASTING,AERIAL CASTING,0,,
skill,aerial combat,exact,src/classes/skills.c:3478,AERIAL COMBAT,AERIAL COMBAT,0,,
skill,age corpse,exact,src/classes/skills.c:4939,Age Corpse,Age Corpse,0,,
skill,ambush,exact,src/classes/skills.c:240,Ambush,Ambush,0,,
skill,apply poison,exact,src/classes/skills.c:4669,Apply Poison,Apply Poison,0,,
skill,appraise,exact,src/classes/skills.c:4925,Appraise,Appraise,0,,
skill,arc,exact,src/classes/skills.c:465,ARC | Arcane block | Arcane Riposte | Arcane Whirlwind | Archery | ARCHMAGE | Archmagi | ARCTIC BLAST | CALL ARCHON | Search | SHADOW ARCHERY | WARCRY,ARC,0,,
skill,arcane block,exact,src/classes/skills.c:399,Arcane block,Arcane block,0,,
skill,arcane riposte,exact,src/classes/skills.c:396,Arcane Riposte,Arcane Riposte,0,,
skill,awareness,exact,src/classes/skills.c:4912,Awareness,Awareness,0,,
skill,backstab,exact,src/classes/skills.c:4354,Backstab,Backstab,0,,
skill,bandage,exact,src/classes/skills.c:4754,Bandage | Old Bandage,Bandage,0,,
skill,bash,exact,src/classes/skills.c:4441,Bash | Doorbash | Shieldless bash,Bash,0,,
skill,battle orders,exact,src/classes/skills.c:3713,Battle orders,Battle orders,0,,
skill,battle senses,exact,src/classes/skills.c:3704,Battle senses,Battle senses,0,,
skill,bearhug,exact,src/classes/skills.c:4947,Bearhug,Bearhug,0,,
skill,berserk,exact,src/classes/skills.c:4563,Berserk | Berserker | Berserker Skills | SKILL_BERSERKER,Berserk,0,,
skill,blade barrage,exact,src/classes/skills.c:3587,BLADE BARRAGE,BLADE BARRAGE,0,,
skill,blindfighting,exact,src/classes/skills.c:4140,Blindfighting,Blindfighting,0,,
skill,blood scent,exact,src/classes/skills.c:3708,BLOOD SCENT,BLOOD SCENT,0,,
skill,boiling blood,exact,src/classes/skills.c:517,Boiling blood,Boiling blood,0,,
skill,buddha palm,exact,src/classes/skills.c:3788,Buddha palm,Buddha palm,0,,
skill,call of the grave,exact,src/classes/skills.c:3717,Call of the Grave,Call of the Grave,0,,
skill,calm,exact,src/classes/skills.c:3808,Calm | Song of calming,Calm,0,,
skill,carve,exact,src/classes/skills.c:4850,Carve,Carve,0,,
skill,chant,exact,src/classes/skills.c:3802,Chant | Chant mastery | Chant of subversion | Chants | Enchant | ENCHANT ARROWS | Enchant Weapon | Enchanter | Quick Chant | WEAPON ENCHANTMENT,Chant,0,,
skill,charge cooldown.,missing,src/classes/skills.c:4424,,,0,,
skill,chi purge,exact,src/classes/skills.c:3595,CHI PURGE,CHI PURGE,0,,
skill,circle,exact,src/classes/skills.c:3899,Circle | Spell circle,Circle,0,,
skill,cleave,exact,src/classes/skills.c:4436,Cleave,Cleave,0,,
skill,clerical spell knowledge,exact,src/classes/skills.c:3958,Clerical Spell Knowledge,Clerical Spell Knowledge,0,,
skill,climb,exact,src/classes/skills.c:3492,Climb,Climb,0,,
skill,combination attack,exact,src/classes/skills.c:3584,Combination attack,Combination attack,0,,
skill,concentration,exact,src/classes/skills.c:4673,CONCENTRATION,CONCENTRATION,0,,
skill,control flee,exact,src/classes/skills.c:434,CONTROL FLEE,CONTROL FLEE,0,,
skill,crippling strike,exact,src/classes/skills.c:236,Crippling Strike,Crippling Strike,0,,
skill,critical attack,exact,src/classes/skills.c:341,Critical attack,Critical attack,0,,
skill,critical shot,exact,src/classes/skills.c:447,CRITICAL SHOT,CRITICAL SHOT,0,,
skill,critical stab,exact,src/classes/skills.c:4368,CRITICAL STAB,CRITICAL STAB,0,,
skill,cursed arrows,exact,src/classes/skills.c:454,CURSED ARROWS,CURSED ARROWS,0,,
skill,diamond soul,exact,src/classes/skills.c:3795,DIAMOND SOUL,DIAMOND SOUL,0,,
skill,dirt toss,exact,src/classes/skills.c:3482,DIRT TOSS,DIRT TOSS,0,,
skill,disarm,exact,src/classes/skills.c:4488,Disarm,Disarm,0,,
skill,disguise,exact,src/classes/skills.c:3533,Disguise,Disguise,0,,
skill,disperse flames,exact,src/classes/skills.c:218,Disperse Flames,Disperse Flames,0,,
skill,disruptive blow,exact,src/classes/skills.c:233,Disruptive Blow,Disruptive Blow,0,,
skill,dodge,exact,src/classes/skills.c:4687,Dodge,Dodge,0,,
skill,double attack,exact,src/classes/skills.c:4491,Double Attack,Double Attack,0,,
skill,double headbutt,exact,src/classes/skills.c:4645,Double headbutt,Double headbutt,0,,
skill,double strike,exact,src/classes/skills.c:481,Double Strike,Double Strike,0,,
skill,dragon breath,exact,src/classes/skills.c:4982,DRAGON BREATH,DRAGON BREATH,0,,
skill,dragon punch,exact,src/classes/skills.c:3805,DRAGON PUNCH,DRAGON PUNCH,0,,
skill,dragon roar,exact,src/classes/skills.c:4980,DRAGON ROAR,DRAGON ROAR,0,,
skill,dragon strike,exact,src/classes/skills.c:4984,DRAGON STRIKE,DRAGON STRIKE,0,,
skill,dread wrath,exact,src/classes/skills.c:3720,DREAD WRATH,DREAD WRATH,0,,
skill,dreadnaught,exact,src/classes/skills.c:328,DREADNAUGHT,DREADNAUGHT,0,,
skill,drums,exact,src/classes/skills.c:3887,Drums,Drums,0,,
skill,dual wield,exact,src/classes/skills.c:4532,Dual Wield,Dual Wield,0,,
skill,enchant arrows,exact,src/classes/skills.c:458,ENCHANT ARROWS,ENCHANT ARROWS,0,,
skill,evade,exact,src/classes/skills.c:4349,Evade,Evade,0,,
skill,exhume,exact,src/classes/skills.c:525,Exhume,Exhume,0,,
skill,expedited retreat,exact,src/classes/skills.c:3664,EXPEDITED RETREAT,EXPEDITED RETREAT,0,,
skill,expeditious retreat,exact,src/classes/skills.c:451,EXPEDITIOUS RETREAT,EXPEDITIOUS RETREAT,0,,
skill,fade,exact,src/classes/skills.c:222,FADE,FADE,0,,
skill,feign death,exact,src/classes/skills.c:3544,Feign death,Feign death,0,,
skill,fishing,exact,src/classes/skills.c:4817,Fishing | Fishing pole,Fishing,0,,
skill,fist of dragon,exact,src/classes/skills.c:469,Fist of Dragon,Fist of Dragon,0,,
skill,flame mastery,exact,src/classes/skills.c:215,Flame mastery,Flame mastery,0,,
skill,flank,exact,src/classes/skills.c:3683,Flank,Flank,0,,
skill,flurry of blows,exact,src/classes/skills.c:477,Flurry of Blows,Flurry of Blows,0,,
skill,flute,exact,src/classes/skills.c:3875,Flute,Flute,0,,
skill,follow-up riposte,exact,src/classes/skills.c:336,Follow-Up Riposte,Follow-Up Riposte,0,,
skill,garrote,exact,src/classes/skills.c:4364,GARROTE,GARROTE,0,,
skill,gaze,exact,src/classes/skills.c:3688,Gaze,Gaze,0,,
skill,grapple,exact,src/classes/skills.c:520,Grapple | GRAPPLER COMBAT,Grapple,0,,
skill,guard,exact,src/classes/skills.c:4426,Blackguard | GREATER GUARDIAN WARD | Guard | Guardian | GUARDIAN SPIRITS | GUARDIAN WARD | Highlord Guardian | LESSER GUARDIAN WARD,Guard,0,,
skill,hamstring,exact,src/classes/skills.c:252,Hamstring,Hamstring,0,,
skill,harp,exact,src/classes/skills.c:3884,Harp | Harpy | HARPY GARGOYLE | Harpy settlement,Harp,0,,
skill,headbutt,exact,src/classes/skills.c:4642,AREA HEADBUTT | Double headbutt | Headbutt,Headbutt,0,,
skill,heroism,exact,src/classes/skills.c:3791,Heroism | Song of heroism,Heroism,0,,
skill,hide,exact,src/classes/skills.c:4334,Hide,Hide,0,,
skill,hitall,exact,src/classes/skills.c:4551,Hitall,Hitall,0,,
skill,holy blade,exact,src/classes/skills.c:3698,HOLY BLADE,HOLY BLADE,0,,
skill,holy smite,exact,src/classes/skills.c:3701,HOLY SMITE,HOLY SMITE,0,,
skill,horn,exact,src/classes/skills.c:3890,Horn | THORNSKIN,Horn,0,,
skill,infuriate,exact,src/classes/skills.c:4575,INFURIATE,INFURIATE,0,,
skill,kick,exact,src/classes/skills.c:4381,Doorkick | Kick | Roundkick,Kick,0,,
skill,lance charge,exact,src/classes/skills.c:387,Lance Charge,Lance Charge,0,,
skill,legend lore,exact,src/classes/skills.c:3896,Legend Lore,Legend Lore,0,,
skill,legsweep,exact,src/classes/skills.c:4560,LEGSWEEP,LEGSWEEP,0,,
skill,listen,exact,src/classes/skills.c:4481,IMPROVED LISTEN | Listen,Listen,0,,
skill,lore,exact,src/classes/skills.c:4934,ITEM LORE | Legend Lore | Lore,Lore,0,,
skill,lyre,exact,src/classes/skills.c:3878,Lyre,Lyre,0,,
skill,mandolin,exact,src/classes/skills.c:3881,Mandolin,Mandolin,0,,
skill,mangle,exact,src/classes/skills.c:514,Mangle,Mangle,0,,
skill,martial arts,exact,src/classes/skills.c:3770,Martial Arts,Martial Arts,0,,
skill,maul,exact,src/classes/skills.c:4580,Earthen Maul | MAUL | Mauler,MAUL,0,,
skill,meditate,exact,src/classes/skills.c:4648,Meditate,Meditate,0,,
skill,mix,exact,src/classes/skills.c:3723,Mix | MIX MIXING | Mixing | MIXPOISON | Remix,Mix,0,,
skill,mixpoison,exact,src/classes/skills.c:3726,MIXPOISON,MIXPOISON,0,,
skill,mount,exact,src/classes/skills.c:4722,Mount | Mount Banishment Guides | MOUNT RIDE DISMOUNT BUCK | Mountain dwarf | Mounted combat | SUMMON MOUNT,Mount,0,,
skill,mounted combat,exact,src/classes/skills.c:4449,Mounted combat,Mounted combat,0,,
skill,mug,exact,src/classes/skills.c:244,MUG,MUG,0,,
skill,parlay,exact,src/classes/skills.c:506,Parlay,Parlay,0,,
skill,parry,exact,src/classes/skills.c:4606,EXPERT PARRY | Parry,Parry,0,,
skill,pick lock,exact,src/classes/skills.c:4375,Pick Lock | PICK LOCKS,Pick Lock,0,,
skill,point blank shot,exact,src/classes/skills.c:443,POINT BLANK SHOT,POINT BLANK SHOT,0,,
skill,quadruple attack,exact,src/classes/skills.c:318,Quadruple Attack,Quadruple Attack,0,,
skill,quick chant,exact,src/classes/skills.c:3936,Quick Chant,Quick Chant,0,,
skill,quick step,exact,src/classes/skills.c:438,QUICK STEP,QUICK STEP,0,,
skill,quivering palm,exact,src/classes/skills.c:3581,Quivering Palm,Quivering Palm,0,,
skill,rage,exact,src/classes/skills.c:4570,BLADE BARRAGE | Enrage | Forage | INDOMITABLE RAGE | Lionrage | LOCKER STORAGE | MIRAGE | RAGE | Ragelord | Solbeeps Missile Barrage | STORAGE | WINDRAGE,RAGE,0,,
skill,rampage,exact,src/classes/skills.c:4589,RAMPAGE,RAMPAGE,0,,
skill,ranged weapons,exact,src/classes/skills.c:4125,Ranged weapons,Ranged weapons,0,,
skill,reach weapons,exact,src/classes/skills.c:4134,Reach Weapons,Reach Weapons,0,,
skill,regenerate,exact,src/classes/skills.c:3592,Regenerate,Regenerate,0,,
skill,remix,exact,src/classes/skills.c:3736,Remix,Remix,0,,
skill,rescue,exact,src/classes/skills.c:4455,Rescue | RESCUE ALL | Rescueall,Rescue,0,,
skill,restrain,exact,src/classes/skills.c:371,RESTRAIN,RESTRAIN,0,,
skill,retreat,exact,src/classes/skills.c:3628,EXPEDITED RETREAT | EXPEDITIOUS RETREAT | Retreat,Retreat,0,,
skill,riff,exact,src/classes/skills.c:3528,RIFF,RIFF,0,,
skill,riposte,exact,src/classes/skills.c:4625,Arcane Riposte | EXPERT RIPOSTE | Follow-Up Riposte | Riposte,Riposte,0,,
skill,roar of heroes,exact,src/classes/skills.c:348,ROAR OF HEROES,ROAR OF HEROES,0,,
skill,roundkick,exact,src/classes/skills.c:4411,Roundkick,Roundkick,0,,
skill,rush,exact,src/classes/skills.c:4586,Bigbys Crushing Hand | Psychic crush | RUSH | THROAT CRUSH,RUSH,0,,
skill,safe fall,exact,src/classes/skills.c:3739,Safe Fall,Safe Fall,0,,
skill,salvage,exact,src/classes/skills.c:3550,SALVAGE,SALVAGE,0,,
skill,scribe,exact,src/classes/skills.c:3926,Scribe | SCRIBE MASTERY,Scribe,0,,
skill,shadow archery,exact,src/classes/skills.c:462,SHADOW ARCHERY,SHADOW ARCHERY,0,,
skill,shadow movement,exact,src/classes/skills.c:225,SHADOW MOVEMENT,SHADOW MOVEMENT,0,,
skill,shadowstep,exact,src/classes/skills.c:4372,SHADOWSTEP,SHADOWSTEP,0,,
skill,shaman spell knowledge,exact,src/classes/skills.c:3982,Shaman Spell Knowledge,Shaman Spell Knowledge,0,,
skill,shield block,exact,src/classes/skills.c:4592,Shield Block,Shield Block,0,,
skill,shield punch,exact,src/classes/skills.c:325,SHIELD PUNCH,SHIELD PUNCH,0,,
skill,shriek,exact,src/classes/skills.c:3893,Shriek,Shriek,0,,
skill,sidestep,exact,src/classes/skills.c:392,Sidestep,Sidestep,0,,
skill,skewer,exact,src/classes/skills.c:360,Skewer,Skewer,0,,
skill,slip,exact,src/classes/skills.c:4944,SLIP,SLIP,0,,
skill,smite evil,exact,src/classes/skills.c:368,Smite evil,Smite evil,0,,
skill,sneak,exact,src/classes/skills.c:4325,"Outdoor Sneak | Outdoorsneak | Sneak | SNEAKY STRIKE | SQUERRIKS SNEAKY WAYS | UD-SNEAK ""UD SNEAK""",Sneak,0,,
skill,sorcerous spell knowledge,exact,src/classes/skills.c:3969,Sorcerous Spell Knowledge,Sorcerous Spell Knowledge,0,,
skill,soul trap,exact,src/classes/skills.c:228,Soul Trap,Soul Trap,0,,
skill,spellweave,exact,src/classes/skills.c:402,SPELLWEAVE,SPELLWEAVE,0,,
skill,spinal tap,exact,src/classes/skills.c:248,SPINAL TAP,SPINAL TAP,0,,
skill,springleap,exact,src/classes/skills.c:3765,SPRINGLEAP,SPRINGLEAP,0,,
skill,steal,exact,src/classes/skills.c:4345,STEAL,STEAL,0,,
skill,subterfuge,exact,src/classes/skills.c:3524,SUBTERFUGE,SUBTERFUGE,0,,
skill,surprise,exact,src/classes/skills.c:4639,SURPRISE,SURPRISE,0,,
skill,sweeping thrust,exact,src/classes/skills.c:333,SWEEPING THRUST,SWEEPING THRUST,0,,
skill,swim,exact,src/classes/skills.c:4882,SWIM | SWIM (IMMORTAL),SWIM,0,,
skill,switch opponents,exact,src/classes/skills.c:3746,SWITCH OPPONENTS,SWITCH OPPONENTS,0,,
skill,tackle,exact,src/classes/skills.c:4557,TACKLE,TACKLE,0,,
skill,tainted blade,exact,src/classes/skills.c:3694,TAINTED BLADE,TAINTED BLADE,0,,
skill,taunt,exact,src/classes/skills.c:5070,TAUNT,TAUNT,0,,
skill,throat crush,exact,src/classes/skills.c:4414,THROAT CRUSH,THROAT CRUSH,0,,
skill,throat crush cooldown.,missing,src/classes/skills.c:4422,,,0,,THROAT CRUSH
skill,throwpotion,exact,src/classes/skills.c:3733,THROWPOTION,THROWPOTION,0,,
skill,tiger palm,exact,src/classes/skills.c:473,TIGER PALM,TIGER PALM,0,,
skill,track,exact,src/classes/skills.c:4469,IMPROVED TRACK | TRACK,TRACK,0,,
skill,trap,exact,src/classes/skills.c:4463,Soul Trap | TRAP | TRAPREMOVE | TRAPSET,TRAP,0,,
skill,trip,exact,src/classes/skills.c:3539,TRIP | TRIPLE ATTACK,TRIP,0,,
skill,triple attack,exact,src/classes/skills.c:4515,TRIPLE ATTACK,TRIPLE ATTACK,0,,
skill,unarmed damage,exact,src/classes/skills.c:3773,UNARMED DAMAGE,UNARMED DAMAGE,0,,
skill,vicious attack,exact,src/classes/skills.c:501,VICIOUS ATTACK,VICIOUS ATTACK,0,,
skill,vicious strike,exact,src/classes/skills.c:4583,VICIOUS STRIKE,VICIOUS STRIKE,0,,
skill,war cry,exact,src/classes/skills.c:344,WAR CRY,WAR CRY,0,,
skill,whirlwind,exact,src/classes/skills.c:484,Arcane Whirlwind | WHIRLWIND,WHIRLWIND,0,,
social,accuse,exact,src/cmd/interp.c:3505,Accuse,Accuse,0,,
social,ack,exact,src/cmd/interp.c:3506,"Ack | Backrank | Backstab | Ballistic Attack | Biofeedback | Blackguard | BLACKMANTLE | Blacksmith | Cackle | Combination attack | Critical attack | Double Attack | IMPROVED TRACK | NEGATIVE FEEDBACK BARRIER | NEW-COMBAT ""NEW COMBAT"" ""GROUP RANKS"" RANKS ""FRONT RANK"" ""BACK RANK"" | Quadruple Attack | SACK | TACKLE | TRACK | TRIPLE ATTACK | VICIOUS ATTACK",Ack,0,,
social,addict,missing,src/cmd/interp.c:3760,,,0,,
social,afk,exact,src/cmd/interp.c:3507,Afk | AFK BRB BBL | TOGGLE_AFK,Afk,0,,
social,agree,exact,src/cmd/interp.c:3508,Agree,Agree,0,,
social,amaze,exact,src/cmd/interp.c:3509,Amaze,Amaze,0,,
social,apologize,exact,src/cmd/interp.c:3510,Apologize,Apologize,0,,
social,applaud,exact,src/cmd/interp.c:3511,Applaud,Applaud,0,,
social,arch,ambiguous,src/cmd/interp.c:3512,Archery | ARCHMAGE | Archmagi | CALL ARCHON | Search | SHADOW ARCHERY,,1,Social actions,
social,ayt,exact,src/cmd/interp.c:3513,Ayt,Ayt,0,,
social,babble,missing,src/cmd/interp.c:3849,,,0,,Nibble | Bbl
social,bang,exact,src/cmd/interp.c:3514,Bang,Bang,0,,
social,banzai,missing,src/cmd/interp.c:3761,,,1,Ship Combat,Banish | BAN
social,bark,exact,src/cmd/interp.c:3515,Bark | Barkskin | Disembark | Mass Barkskin | SHIP_COMMANDS DISEMBARK REPAIR RELOAD,Bark,0,,
social,bathe,missing,src/cmd/interp.c:3516,,,1,Social actions,Breathe | Barter | WEATHER
social,bbl,exact,src/cmd/interp.c:3517,AFK BRB BBL | Bbl | Nibble,Bbl,0,,
social,beckon,missing,src/cmd/interp.c:3838,,,2,Group | hints,
social,beer,exact,src/cmd/interp.c:3518,Beer,Beer,0,,
social,beg,exact,src/cmd/interp.c:3519,Beg,Beg,0,,
social,bhug,missing,src/cmd/interp.c:3762,,,0,,Hug | Bug | THUG
social,bird,exact,src/cmd/interp.c:3520,Bird,Bird,0,,
social,bite,exact,src/cmd/interp.c:3521,Bite | Cenobite | Frostbite | Neckbite,Bite,0,,
social,bkiss,missing,src/cmd/interp.c:3763,,,0,,Kiss | Hiss
social,blame,missing,src/cmd/interp.c:3853,,,0,,Flame
social,bleed,exact,src/cmd/interp.c:3522,Bleed,Bleed,0,,
social,blindfold,missing,src/cmd/interp.c:3764,,,0,,
social,blink,exact,src/cmd/interp.c:3523,Blink,Blink,0,,
social,blow,exact,src/cmd/interp.c:3524,Blow | Disruptive Blow | Flurry of Blows,Blow,0,,
social,blush,exact,src/cmd/interp.c:3525,Blush,Blush,0,,
social,boggle,exact,src/cmd/interp.c:3526,Boggle,Boggle,0,,
social,bong,missing,src/cmd/interp.c:3753,,,0,,Song | Bonk | Bang
social,bonk,exact,src/cmd/interp.c:3527,Bonk,Bonk,0,,
social,boogie,missing,src/cmd/interp.c:3765,,,0,,Boggle | Apologize
social,boot,ambiguous,src/cmd/interp.c:3831,Reboot | REBOOT CRASH,,4,LOOKUP | Pop | Rareload | TRANSMUTE ROCK TO MUD,
social,bored,missing,src/cmd/interp.c:3528,,,5,"GOD, CHEATING | Godcheating | Massrip | Psycheporter | Social actions",Board | Read | Ogre
social,bounce,exact,src/cmd/interp.c:3529,Bounce,Bounce,0,,
social,bow,exact,src/cmd/interp.c:3530,Bow,Bow,0,,
social,brb,exact,src/cmd/interp.c:3531,AFK BRB BBL | Brb,Brb,0,,
social,brew,missing,src/cmd/interp.c:3766,,,5,"Charing | CHARING ""CITY OF ELVES"" | MIXPOISON | NAPALM | NITROGEN",Brief
social,bslap,missing,src/cmd/interp.c:3751,,,0,,Slap | Snap | SLIP
social,bully,partial,src/cmd/interp.c:3767,Bullywug Village,,0,,
social,bungee,missing,src/cmd/interp.c:3768,,,0,,Hunger | Bug | Bounce
social,burp,exact,src/cmd/interp.c:3532,Burp,Burp,0,,
social,bye,exact,src/cmd/interp.c:3533,Bye,Bye,0,,
social,cackle,exact,src/cmd/interp.c:3534,Cackle,Cackle,0,,
social,calm,exact,src/cmd/interp.c:3535,Calm | Song of calming,Calm,0,,
social,caress,missing,src/cmd/interp.c:3536,,,1,Social actions,Scare | Class | Carve
social,carrot,missing,src/cmd/interp.c:3776,,,0,,GARROTE
social,castrate,missing,src/cmd/interp.c:3830,,,0,,Caster | STORAGE | Cast
social,censor,missing,src/cmd/interp.c:3537,,,1,Social actions,Ice Storm
social,chastise,missing,src/cmd/interp.c:3773,,,1,Scold,Haste | Chants | Caster
social,cheek,exact,src/cmd/interp.c:3538,Cheek,Cheek,0,,
social,cheer,exact,src/cmd/interp.c:3539,Cheer,Cheer,0,,
social,cherish,missing,src/cmd/interp.c:3771,,,0,,Heroism | Cheer | Charisma
social,choke,missing,src/cmd/interp.c:3540,,,1,Social actions,ECHOE | Poke | Home
social,chortle,missing,src/cmd/interp.c:3841,,,0,,Score | Ghore | ECHOT
social,chuckle,exact,src/cmd/interp.c:3541,Chuckle,Chuckle,0,,
social,clap,exact,src/cmd/interp.c:3542,Clap,Clap,0,,
social,claw,missing,src/cmd/interp.c:3843,,,3,BEASTFORM | MAUL | THORNSKIN,Clap | Class
social,clue,missing,src/cmd/interp.c:3772,,,0,,Lure | VALUE | Flute
social,coffee,missing,src/cmd/interp.c:3774,,,0,,Offense
social,comb,exact,src/cmd/interp.c:3543,"AERIAL COMBAT | Comb | Combat mind | Combination attack | GRAPPLER COMBAT | IMPROVED SHIELD COMBAT | Mounted combat | NEW-COMBAT ""NEW COMBAT"" ""GROUP RANKS"" RANKS ""FRONT RANK"" ""BACK RANK"" | SHIELD COMBAT | Ship Combat | SHIP_COMBAT SHIP_BATTLE",Comb,0,,
social,comfort,exact,src/cmd/interp.c:3544,Comfort,Comfort,0,,
social,congratulate,exact,src/cmd/interp.c:3545,Congratulate,Congratulate,0,,
social,cough,exact,src/cmd/interp.c:3546,Cough,Cough,0,,
social,cow,partial,src/cmd/interp.c:3791,Song of cowardice,,0,,
social,cower,missing,src/cmd/interp.c:3775,,,1,TURN UNDEAD,Power | Coder | WEAR
social,crack,missing,src/cmd/interp.c:3839,,,0,,TRACK | Ack | Cackle
social,cringe,exact,src/cmd/interp.c:3547,Cringe,Cringe,0,,
social,cry,exact,src/cmd/interp.c:3548,Cry | Requiem of the Crypts | WAR CRY | WARCRY,Cry,0,,
social,cuddle,exact,src/cmd/interp.c:3549,Cuddle,Cuddle,0,,
social,curious,exact,src/cmd/interp.c:3550,Curious,Curious,0,,
social,curl,missing,src/cmd/interp.c:3770,,,0,,Curse | Cr
social,curse,exact,src/cmd/interp.c:3551,Curse | CURSE OF YZAR | CURSED ARROWS | Remove Curse,Curse,0,,
social,curtsey,exact,src/cmd/interp.c:3552,Curtsey,Curtsey,0,,
social,dance,exact,src/cmd/interp.c:3553,Dance | FORBIDDANCE,Dance,0,,
social,disgust,missing,src/cmd/interp.c:3858,,,0,,Disguise
social,doh,missing,src/cmd/interp.c:3777,,,0,,Duh
social,dream,exact,src/cmd/interp.c:3554,Dark dreamer | Dream | Dream Travel,Dream,0,,
social,drool,exact,src/cmd/interp.c:3555,Drool,Drool,0,,
social,dropkick,missing,src/cmd/interp.c:3556,,,1,Social actions,Doorkick | Roundkick | Rope Trick
social,duck,exact,src/cmd/interp.c:3557,Duck,Duck,0,,
social,duh,exact,src/cmd/interp.c:3558,Duh,Duh,0,,
social,eek,ambiguous,src/cmd/interp.c:3755,Cheek | Great duris Week,,0,,
social,ekiss,missing,src/cmd/interp.c:3778,,,0,,Kiss | REPISS | DEPISS
social,embrace,partial,src/cmd/interp.c:3559,Embrace Death,,8,AURA OF REBIRTH | Death | Deathlord | DIVINE POWER | Eat,
social,envy,missing,src/cmd/interp.c:3560,,,1,Social actions,
social,epardon,missing,src/cmd/interp.c:3804,,,0,,"Godpardon | GOD, PARDON"
social,esweep,missing,src/cmd/interp.c:3815,,,0,,LEGSWEEP | Sleep
social,eyebrow,exact,src/cmd/interp.c:3561,Eyebrow,Eyebrow,0,,
social,faint,missing,src/cmd/interp.c:3779,,,3,Gasp | LESSER GUARDIAN WARD | REPAIR ONE ITEM,TAINT | Pant | IINT
social,fart,exact,src/cmd/interp.c:3562,Fart,Fart,0,,
social,fidget,missing,src/cmd/interp.c:3563,,,1,Social actions,Get | Forget | Flight
social,flame,exact,src/cmd/interp.c:3564,Control Flames | Disperse Flames | Flame | Flame Blade | Flame mastery | Flame reaver | FLAME SPHERE | Flame strike | Flameburst | Mage Flame | WALL OF FLAMES,Flame,0,,
social,flap,missing,src/cmd/interp.c:3758,,,0,,Slap | Flip | Clap
social,flash,exact,src/cmd/interp.c:3565,Flash,Flash,0,,
social,flex,exact,src/cmd/interp.c:3566,Flex,Flex,0,,
social,flip,exact,src/cmd/interp.c:3567,Flip,Flip,0,,
social,flirt,exact,src/cmd/interp.c:3568,Flirt,Flirt,0,,
social,flutter,exact,src/cmd/interp.c:3569,Flutter,Flutter,0,,
social,fondle,exact,src/cmd/interp.c:3570,Fondle,Fondle,0,,
social,fool,missing,src/cmd/interp.c:3571,,,3,Heroism | ships | Social actions,Food | Drool
social,french,exact,src/cmd/interp.c:3572,French,French,0,,
social,froth,missing,src/cmd/interp.c:3855,,,0,,Fart
social,frown,exact,src/cmd/interp.c:3573,Frown,Frown,0,,
social,full,ambiguous,src/cmd/interp.c:3574,Full Harm | Full heal,,71,Accelerated healing | ACIDIMMOLATE | Afk | AFK BRB BBL | Alchemist Recipe,
social,fume,exact,src/cmd/interp.c:3575,Fume,Fume,0,,
social,fuzzy,missing,src/cmd/interp.c:3576,,,2,Gag | Social actions,
social,gag,exact,src/cmd/interp.c:3577,Disengage | Gag,Gag,0,,
social,gape,missing,src/cmd/interp.c:3578,,,1,Social actions,Gaze | Gate | Gasp
social,gasp,exact,src/cmd/interp.c:3579,Gasp,Gasp,0,,
social,gawk,missing,src/cmd/interp.c:3780,,,0,,
social,ghug,missing,src/cmd/interp.c:3781,,,0,,Hug | THUG | Shrug
social,giggle,exact,src/cmd/interp.c:3580,Giggle,Giggle,0,,
social,glare,exact,src/cmd/interp.c:3581,Glare,Glare,0,,
social,glee,missing,src/cmd/interp.c:3832,,,1,Cackle,Flee | Sleep | Level
social,glum,missing,src/cmd/interp.c:3807,,,0,,
social,goose,exact,src/cmd/interp.c:3582,Goose,Goose,0,,
social,grenade,missing,src/cmd/interp.c:3840,,,0,,RENAME | Grease | Read
social,grimace,missing,src/cmd/interp.c:3860,,,0,,Races
social,grin,exact,src/cmd/interp.c:3583,Grin,Grin,0,,
social,groan,exact,src/cmd/interp.c:3584,Groan,Groan,0,,
social,grope,exact,src/cmd/interp.c:3585,Grope,Grope,0,,
social,ground,ambiguous,src/cmd/interp.c:3708,Ethereal grounds | GROUND CASTING | Groundfighting | GROUNDSLAM,,79,AERIAL COMBAT | BLOODSTONE | Bodyslam | Bounce | Bullywug Village,
social,grovel,exact,src/cmd/interp.c:3586,Grovel,Grovel,0,,
social,growl,exact,src/cmd/interp.c:3587,Growl,Growl,0,,
social,grumble,missing,src/cmd/interp.c:3588,,,1,Social actions,Rules
social,grunt,missing,src/cmd/interp.c:3589,,,1,Social actions,Grant | Rent | Grin
social,guffaw,missing,src/cmd/interp.c:3851,,,0,,
social,gulp,missing,src/cmd/interp.c:3590,,,0,,Guild | Group
social,halo,missing,src/cmd/interp.c:3591,,,0,,Heal | HEADLOCK | ALLOW
social,hand,ambiguous,src/cmd/interp.c:3592,Bigbys Crushing Hand | Burning Hands | Hand of Death | Lay hands,,57,1h Bludgeon | 1h flaying | 1h Piercing | 1h slashing | Applaud,
social,hangover,missing,src/cmd/interp.c:3782,,,0,,Ranger | Hunger
social,happy,missing,src/cmd/interp.c:3593,,,6,Epic charisma | Quest | ships | Skip | Social actions,Harpy | Harp
social,hcuff,missing,src/cmd/interp.c:3783,,,0,,
social,hello,missing,src/cmd/interp.c:3594,,,1,AT,Sell | Hero | Help
social,hero,exact,src/cmd/interp.c:3595,Hero | Heroism | ROAR OF HEROES | Song of heroism,Hero,0,,
social,hi5,exact,src/cmd/interp.c:3596,Hi5,Hi5,0,,
social,hiccup,exact,src/cmd/interp.c:3597,Hiccup,Hiccup,0,,
social,hickey,missing,src/cmd/interp.c:3598,,,0,,
social,hiss,exact,src/cmd/interp.c:3599,Hiss,Hiss,0,,
social,hmm,missing,src/cmd/interp.c:3784,,,0,,Hammer
social,holdon,missing,src/cmd/interp.c:3600,,,1,Social actions,Hold
social,hop,exact,src/cmd/interp.c:3601,Hop | Shops | SHOPS SHOPKEEPER,Hop,0,,
social,hose,missing,src/cmd/interp.c:3602,,,0,,Rose | Pose | Nose
social,howl,missing,src/cmd/interp.c:3856,,,1,Bark,Hold | THROW | Growl
social,hug,exact,src/cmd/interp.c:3603,Bearhug | Hug | THUG,Hug,0,,
social,hum,ambiguous,src/cmd/interp.c:3604,Exhume | Human,,1,Social actions,
social,hump,missing,src/cmd/interp.c:3752,,,0,,Jump | Human
social,hunger,exact,src/cmd/interp.c:3605,Hunger,Hunger,0,,
social,icecube,missing,src/cmd/interp.c:3785,,,0,,
social,imitate,missing,src/cmd/interp.c:3606,,,1,Social actions,Meditate | Assimilate | Levitate
social,impale,exact,src/cmd/interp.c:3607,Impale,Impale,0,,
social,jam,exact,src/cmd/interp.c:3608,Jam,Jam,0,,
social,jeer,missing,src/cmd/interp.c:3835,,,0,,Peer | Beer | Sneer
social,jig,missing,src/cmd/interp.c:3852,,,0,,Dig
social,jk,exact,src/cmd/interp.c:3609,Jk,Jk,0,,
social,jump,exact,src/cmd/interp.c:3610,Jump | SPIRIT JUMP,Jump,0,,
social,kiss,exact,src/cmd/interp.c:3611,Kiss,Kiss,0,,
social,lag,exact,src/cmd/interp.c:3612,"Bullywug Village | GOD, PFLAGS | Godpflags | Lag | Link Lag | Plague",Lag,0,,
social,laugh,exact,src/cmd/interp.c:3613,Laugh,Laugh,0,,
social,lean,missing,src/cmd/interp.c:3614,,,1,Social actions,PLEASANT | Lifespan | LEARNING
social,lost,exact,src/cmd/interp.c:3616,Lost,Lost,0,,
social,love,exact,src/cmd/interp.c:3617,Love,Love,0,,
social,lucky,exact,src/cmd/interp.c:3618,Lucky,Lucky,0,,
social,mahvelous,missing,src/cmd/interp.c:3787,,,0,,
social,maim,missing,src/cmd/interp.c:3786,,,0,,Magic
social,massage,exact,src/cmd/interp.c:3619,Massage,Massage,0,,
social,melt,exact,src/cmd/interp.c:3620,Melt | Smelt | Smelting,Melt,0,,
social,meow,missing,src/cmd/interp.c:3788,,,0,,Hometown
social,mmmm,missing,src/cmd/interp.c:3789,,,0,,
social,moan,exact,src/cmd/interp.c:3621,Moan,Moan,0,,
social,monkey,exact,src/cmd/interp.c:3857,Monkey,Monkey,0,,
social,mooch,missing,src/cmd/interp.c:3790,,,0,,Mosh | Moon
social,moon,exact,src/cmd/interp.c:3622,Moon | Moonhollow | Moonstone | Moonwell,Moon,0,,
social,mosh,exact,src/cmd/interp.c:3623,Mosh,Mosh,0,,
social,mourn,exact,src/cmd/interp.c:3624,Mourn,Mourn,0,,
social,moving,missing,src/cmd/interp.c:3756,,,21,"2H BLUDGEON | Cramped | Drow elf | Earthen Grasp | GOD, CHEATING",Mixing
social,muhaha,missing,src/cmd/interp.c:3792,,,0,,
social,mumble,missing,src/cmd/interp.c:3834,,,0,,Mauler
social,mutter,missing,src/cmd/interp.c:3625,,,2,Autosaving... | Social actions,Flutter | Sitter | Mauler
social,mwalk,missing,src/cmd/interp.c:3793,,,0,,Warlock | WAIL | MAUL
social,nafk,missing,src/cmd/interp.c:3859,,,0,,Afk | Sneak
social,nails,partial,src/cmd/interp.c:3794,Snailspeed,,0,,
social,nap,ambiguous,src/cmd/interp.c:3626,Cold snap | NAPALM | Potion of Napalm | Snap,,1,Social actions,
social,nasty,missing,src/cmd/interp.c:3795,,,8,Apocalypse | Doorbash | Enslaver | faq | Holy Word,Cast | Anatomy
social,ni,ambiguous,src/cmd/interp.c:3796,"ANIMAE CICATRIX | Animal Friendship | Animal Growth | Animal sphere | Animal Vision | Animalist | Animate Dead | Astral Affinity | Banish | Burning Hands | CALL BRALANI | CALL KNIGHT | Call lightning | Cannibalize | Chain Lightning | Charm Animal | Communications | COMMUNICATIONS UTILITIES | Dark knight | Death Knight | Deathknight | Demonic rider | Disharmonist | DRACONIC APOTHEOSIS | DRACONIC CRESCENDO | Draconiccrescendo | Elemental Affinity | Forked Lightning | GIRILALS GRANITE HAMMER | GOD, LIGHTNING | GOD, REINITPHYS | Godlightning | Godreinitphys | Harmonic resonance | Illusionist | Illusionist Skills | Knight | LEARNING | Lightning Bolt | Lightning Curtain | Lightning Ring | LIGHTNING SHIELD | Mount Banishment Guides | Nibble | Nightmare | NITROGEN | NIVARDS WICKED FIREBRAND | Opal Phoenix | Panic | Potion of Nitrogen | Protection from animals | Protection From Lightning | Psionic Cloud | PSIONIC WAVE BLAST | Psionicist | Psionicist Skills | PUNISH | REINITPHYS | SANCTUM DRACONIS | SANGUINIS IGNIS | SKILL_ILLUSIONIST | SKILL_PSIONICIST | Snicker | Sniff | Song of the Night | STIGMATA DRACONICA | STUNNING VISIONS | THROW LIGHTNING | UNINVITE | UNIQUES | VANISH",,0,,
social,nibble,exact,src/cmd/interp.c:3627,Nibble,Nibble,0,,
social,nod,exact,src/cmd/interp.c:3628,Nod,Nod,0,,
social,nog,exact,src/cmd/interp.c:3629,Group stornogs spheres | Nog | STORNOGS METAMAGIC SHROUD | STORNOGS SHIMMERING STARSHELL | STORNOGS SPHERES,Nog,0,,
social,noogie,missing,src/cmd/interp.c:3630,,,1,Social actions,Nog | Apologize
social,nose,exact,src/cmd/interp.c:3631,Nose,Nose,0,,
social,nudge,exact,src/cmd/interp.c:3632,Nudge,Nudge,0,,
social,nuzzle,exact,src/cmd/interp.c:3633,Nuzzle,Nuzzle,0,,
social,ogle,missing,src/cmd/interp.c:3634,,,1,Social actions,TOGGLE | Boggle | Ogre
social,ohhappy,missing,src/cmd/interp.c:3806,,,0,,Harpy
social,ohno,missing,src/cmd/interp.c:3797,,,0,,
social,oink,missing,src/cmd/interp.c:3798,,,0,,Monk | Link | Bonk
social,omg,missing,src/cmd/interp.c:3750,,,2,Afk | AFK BRB BBL,Nog | MUG | Log
social,ooo,missing,src/cmd/interp.c:3799,,,0,,
social,panic,exact,src/cmd/interp.c:3635,Panic,Panic,0,,
social,pant,exact,src/cmd/interp.c:3636,Pant | Pantherspeed,Pant,0,,
social,pat,exact,src/cmd/interp.c:3637,"GOD, PARTICIPATION | Godparticipation | Pat | Path of frost | Patrols | SPATIAL FOCUS | STORM EMPATHY",Pat,0,,
social,peck,missing,src/cmd/interp.c:3800,,,0,,Speak
social,peer,exact,src/cmd/interp.c:3638,Peer,Peer,0,,
social,pet,exact,src/cmd/interp.c:3639,GIVEPET | Pet | Petition | PETITION_BLOCK | Pets | TOGGLE_PETITION,Pet,0,,
social,pillow,missing,src/cmd/interp.c:3640,,,1,Social actions,Pkill | ALLOW | Pine hollows
social,pinch,exact,src/cmd/interp.c:3641,Pinch,Pinch,0,,
social,ping,ambiguous,src/cmd/interp.c:3801,Creeping doom | SWEEPING THRUST,,0,,
social,plonk,missing,src/cmd/interp.c:3642,,,1,Social actions,Poke | Monk | Look
social,plop,missing,src/cmd/interp.c:3802,,,0,,Pop
social,point,exact,src/cmd/interp.c:3643,Hitpoints | Neutral point of view | Point | POINT BLANK SHOT | PRESSURE POINT | Pressure Points,Point,0,,
social,poke,exact,src/cmd/interp.c:3644,Poke,Poke,0,,
social,ponder,exact,src/cmd/interp.c:3645,Ponder,Ponder,0,,
social,potato,missing,src/cmd/interp.c:3803,,,0,,Portal | Pat
social,pounce,missing,src/cmd/interp.c:3646,,,1,Social actions,Bounce | Punch | Pucker
social,pout,exact,src/cmd/interp.c:3647,Pout,Pout,0,,
social,praise,partial,src/cmd/interp.c:3837,Appraise,,0,,
social,protect,ambiguous,src/cmd/interp.c:3648,Aura of Protection | Baladors Protection | PROTECT SOUL | Protect Undead | Protection From Acid | Protection from animals | Protection From Cold | Protection From Evil | Protection From Fire | Protection From Gas | Protection From Good | Protection From Lightning | Protection from Living | Protection From Undead | Song of Protection,,23,Ashrumite | Cleric | Defend | DRACONIC CRESCENDO | Draconiccrescendo,
social,pucker,exact,src/cmd/interp.c:3649,Pucker,Pucker,0,,
social,puke,exact,src/cmd/interp.c:3650,Puke,Puke,0,,
social,pull,exact,src/cmd/interp.c:3651,Pull,Pull,0,,
social,punch,exact,src/cmd/interp.c:3652,DRAGON PUNCH | Dragonpunch | Punch | SHIELD PUNCH | Shieldpunch,Punch,0,,
social,purr,exact,src/cmd/interp.c:3653,Purr,Purr,0,,
social,push,exact,src/cmd/interp.c:3654,Push,Push,0,,
social,puzzle,missing,src/cmd/interp.c:3655,,,1,Social actions,Nuzzle | Dazzle
social,raise,exact,src/cmd/interp.c:3656,Appraise | Raise | Raise Lich | Raise shadow | Raise Skeleton | Raise Spectre | Raise Vampire | Raise Wraith | Raise Zombie,Raise,0,,
social,ready,exact,src/cmd/interp.c:3657,Ready,Ready,0,,
social,reassure,missing,src/cmd/interp.c:3805,,,0,,Rescue | Grease | Resurrect
social,roar,exact,src/cmd/interp.c:3658,DRAGON ROAR | Ogreroar | Roar | ROAR OF HEROES,Roar,0,,
social,rofl,exact,src/cmd/interp.c:3659,Rofl,Rofl,0,,
social,roll,exact,src/cmd/interp.c:3660,"Damroll | DELETE REROLL | Hitroll | RECITE SCROLLS | REROLL | Roll | Troll | TROLL ""SWAMP TROLL""",Roll,0,,
social,rose,exact,src/cmd/interp.c:3661,Rose,Rose,0,,
social,ruffle,exact,src/cmd/interp.c:3662,Ruffle,Ruffle,0,,
social,salute,exact,src/cmd/interp.c:3663,Salute,Salute,0,,
social,scare,exact,src/cmd/interp.c:3664,Scare,Scare,0,,
social,scold,exact,src/cmd/interp.c:3665,Scold,Scold,0,,
social,scowl,missing,src/cmd/interp.c:3833,,,0,,Scold
social,scratch,exact,src/cmd/interp.c:3666,Scratch,Scratch,0,,
social,scream,exact,src/cmd/interp.c:3667,Scream,Scream,0,,
social,seduce,exact,src/cmd/interp.c:3668,Seduce,Seduce,0,,
social,shades,missing,src/cmd/interp.c:3844,,,3,RACEWARS PKILL PLAYERKILL | Shade | SHADOWSTEP,Shade | Shake | Shadow Beast
social,shake,exact,src/cmd/interp.c:3669,Shake,Shake,0,,
social,shiver,exact,src/cmd/interp.c:3670,Shiver,Shiver,0,,
social,shove,exact,src/cmd/interp.c:3671,Shove,Shove,0,,
social,shrug,exact,src/cmd/interp.c:3672,Shrug,Shrug,0,,
social,shudder,missing,src/cmd/interp.c:3673,,,2,Social actions | SONG OF DISSONANCE,Shade
social,shuffle,missing,src/cmd/interp.c:3854,,,0,,Ruffle
social,shush,missing,src/cmd/interp.c:3674,,,1,Social actions,RUSH | Push
social,sigh,exact,src/cmd/interp.c:3675,Aura Sight | Faerie Sight | Greater Spirit Sight | Sigh | Sight Link | SPIRIT SIGHT,Sigh,0,,
social,sing,exact,src/cmd/interp.c:3676,Death Blessing | Divine Blessing | Natures Blessing | Sing | WINDSTROM BLESSING,Sing,0,,
social,skip,exact,src/cmd/interp.c:3677,Skip,Skip,0,,
social,slap,exact,src/cmd/interp.c:3678,Slap,Slap,0,,
social,sload,exact,src/cmd/interp.c:3829,Sload,Sload,0,,
social,slobber,missing,src/cmd/interp.c:3679,,,1,Social actions,
social,smell,exact,src/cmd/interp.c:3680,Smell,Smell,0,,
social,smile,exact,src/cmd/interp.c:3681,Smile,Smile,0,,
social,smirk,exact,src/cmd/interp.c:3682,Smirk,Smirk,0,,
social,smooch,missing,src/cmd/interp.c:3808,,,1,Pucker,
social,snap,exact,src/cmd/interp.c:3684,Cold snap | Snap,Snap,0,,
social,snarl,exact,src/cmd/interp.c:3685,Snarl,Snarl,0,,
social,sneer,exact,src/cmd/interp.c:3686,Sneer,Sneer,0,,
social,sneeze,exact,src/cmd/interp.c:3687,Sneeze,Sneeze,0,,
social,snicker,exact,src/cmd/interp.c:3688,Snicker,Snicker,0,,
social,sniff,exact,src/cmd/interp.c:3689,Sniff,Sniff,0,,
social,snoogie,missing,src/cmd/interp.c:3690,,,1,Social actions,Snore | SNOOP
social,snore,exact,src/cmd/interp.c:3691,Snore,Snore,0,,
social,snort,exact,src/cmd/interp.c:3692,Snort,Snort,0,,
social,snuggle,exact,src/cmd/interp.c:3693,Snuggle,Snuggle,0,,
social,sob,missing,src/cmd/interp.c:3769,,,0,,Mob
social,spam,exact,src/cmd/interp.c:3694,Spam,Spam,0,,
social,spank,exact,src/cmd/interp.c:3695,Spank,Spank,0,,
social,spew,missing,src/cmd/interp.c:3759,,,1,Puke,Spell | Speak | Spawn
social,spin,ambiguous,src/cmd/interp.c:3696,SPINAL CORRUPTION | SPINAL TAP,,2,Drider | Social actions,
social,spit,missing,src/cmd/interp.c:3697,,,2,LANCEA CINERALAE | Social actions,SPLIT | Sit | Speclist
social,spoon,missing,src/cmd/interp.c:3754,,,0,,POOFIN | Poison | Song
social,squeal,missing,src/cmd/interp.c:3809,,,0,,SQUALL | STEAL | SQL
social,squeeze,missing,src/cmd/interp.c:3698,,,6,ASPHYXIATE | Bearhug | Goose | GRAPPLER COMBAT | HEADLOCK,Sneeze
social,squirm,missing,src/cmd/interp.c:3699,,,3,Cramped | Recline | Social actions,
social,squish,missing,src/cmd/interp.c:3810,,,0,,PUNISH
social,stare,missing,src/cmd/interp.c:3700,,,4,Dream | Fume | Social actions | TORMENTING SPIRITS,Scare | TREE | STORAGE
social,steam,missing,src/cmd/interp.c:3701,,,1,Social actions,STEAL | Scream | Spam
social,stickup,missing,src/cmd/interp.c:3811,,,0,,
social,stoke,missing,src/cmd/interp.c:3814,,,2,FLAME SPHERE | TAUNT,Smoke | STORAGE | RESTORE
social,strangle,missing,src/cmd/interp.c:3702,,,1,Social actions,STORAGE | Range | Entangle
social,stretch,missing,src/cmd/interp.c:3703,,,1,Social actions,STRENGTH | Scratch | TEACH
social,strip,missing,src/cmd/interp.c:3812,,,1,Warrior,TRIP | Sip | STRING
social,strut,missing,src/cmd/interp.c:3704,,,1,Social actions,Construct | ISTR | Instrument
social,suffer,missing,src/cmd/interp.c:3813,,,27,ANTIMATTER COLLISION | Apocalypse | Bigbys Crushing Hand | Blindness | CASCADING ELEMENTAL BEAM,Ruffle
social,sulk,missing,src/cmd/interp.c:3705,,,1,Social actions,
social,sunburn,missing,src/cmd/interp.c:3846,,,0,,
social,swat,missing,src/cmd/interp.c:3706,,,1,Social actions,AT
social,sweat,missing,src/cmd/interp.c:3707,,,3,CONTAGION | ships | Social actions,Eat | WEATHER | WEAR
social,swoon,missing,src/cmd/interp.c:3816,,,0,,Song | Moon
social,tan,ambiguous,src/cmd/interp.c:3845,CALL TITAN | Entangle | Instant Kill | Magic Resistance | Potion of Entangle | STANCES | STANZA OF THE FURY | TANK | TITAN | WAKE REST SIT STAND KNEEL RECLINE ALERT,,0,,
social,tango,missing,src/cmd/interp.c:3709,,,1,Social actions,TANK | Bang
social,tank,exact,src/cmd/interp.c:3836,TANK,TANK,0,,
social,tap,partial,src/cmd/interp.c:3710,SPINAL TAP,,7,Assassin | Assassin Skills | Flame reaver | GARROTE | SKILL_ASSASSIN,
social,tarzan,missing,src/cmd/interp.c:3711,,,1,Social actions,
social,tease,missing,src/cmd/interp.c:3713,,,1,Social actions,Grease | TREE | TRAPSET
social,tender,partial,src/cmd/interp.c:3817,Bartender,,0,,
social,thank,missing,src/cmd/interp.c:3714,,,1,Social actions,TANK | Githyanki | Bank
social,think,missing,src/cmd/interp.c:3715,,,8,Emote | faq | Intelligence | Moon | Neutral point of view,TWINK | TANK | Link
social,thirst,missing,src/cmd/interp.c:3716,,,9,BLACKMANTLE | GREATER SUSTENANCE | Reaver | RESTORE | SETATTR,HLIST | Theurgist | Hit
social,threaten,missing,src/cmd/interp.c:3847,,,0,,Heaven | TREE | Thri-Kreen
social,throttle,missing,src/cmd/interp.c:3818,,,0,,
social,tickle,missing,src/cmd/interp.c:3717,,,1,Social actions,TACKLE | TITLE | TITLES
social,timeout,missing,src/cmd/interp.c:3819,,,0,,TIME | Mount
social,tip,ambiguous,src/cmd/interp.c:3718,MULTI-PLAYING MULTIPLAYING MULTI | Multiplay | Multiplaying,,2,Hellfire | Social actions,
social,tiptoe,missing,src/cmd/interp.c:3719,,,1,Social actions,TITLE | TITLES
social,tongue,missing,src/cmd/interp.c:3720,,,6,Cheek | COMPREHEND LANGUAGES | JIN TOUCH | Social actions | TAUNT,Rogue | TOGGLE
social,torture,missing,src/cmd/interp.c:3820,,,1,Beg,
social,toss,ambiguous,src/cmd/interp.c:3721,DIRT TOSS | Dirttoss | DIRTTOSS TOSS,,8,"DIRT TOSS | Potion of Slowness | RANDOM ""RANDOM EQUIMENT"" ""RANDOM MOB"" ""RANDOM ZONE"" | Random Equipment | SKILL_THIEF",
social,touch,ambiguous,src/cmd/interp.c:3722,Chill touch | GHASTLY TOUCH | JIN TOUCH | Natures Touch | Nether Touch | Scorching Touch | VAMPIRIC TOUCH,,64,Accelerated healing | Anti-Paladin | Anti-paladin Skills | BLACKMANTLE | Blighter Skills,
social,trip,exact,src/cmd/interp.c:3723,TRIP | TRIPLE ATTACK,TRIP,0,,
social,tug,missing,src/cmd/interp.c:3724,,,1,Social actions,THUG | MUG | Hug
social,tummy,missing,src/cmd/interp.c:3821,,,0,,Mummify
social,tweak,missing,src/cmd/interp.c:3725,,,1,Social actions,WEAR | TANK
social,twibble,missing,src/cmd/interp.c:3726,,,2,Bbl | Social actions,Nibble | TITLE
social,twiddle,missing,src/cmd/interp.c:3727,,,1,Social actions,Idle | TITLE
social,twirl,missing,src/cmd/interp.c:3728,,,1,Social actions,WAIL
social,twitch,missing,src/cmd/interp.c:3848,,,0,,SWITCH | WHICH | WITHER
social,type,missing,src/cmd/interp.c:3822,,,830,Accelerated healing | ACID RAIN | Acid stream | ACIDIMMOLATE | Adrenaline Control,
social,undress,missing,src/cmd/interp.c:3729,,,1,Social actions,Darkness
social,veto,missing,src/cmd/interp.c:3730,,,1,Social actions,
social,wait,missing,src/cmd/interp.c:3731,,,22,Ask | Auction Offer | Camp | chaos craft pouch | chaos pouch,WAIL | WRITE | Wight
social,wave,ambiguous,src/cmd/interp.c:3732,Dread Wave | PSIONIC WAVE BLAST | WAVES OF FATIGUE,,24,AEGIS SQUAMARUM | ANTIMATTER COLLISION | Ayt | BIGBY'S CLENCHED FIST | Bigbys Clenched Fist,
social,wedgie,missing,src/cmd/interp.c:3823,,,0,,
social,welcome,missing,src/cmd/interp.c:3733,,,7,Bank | Exchange | EXCHANGE BANKS BALANCE DEPOSIT WITHDRAW | INROOM | New Player Guides,ECHOE | Comet
social,wet,missing,src/cmd/interp.c:3734,,,4,CASCADING ELEMENTAL BEAM | Social actions | STATIC DISCHARGE | SUMMON BLIZZARD,WEB | Pet | Get
social,whap,missing,src/cmd/interp.c:3735,,,1,Social actions,Harp | Harpy
social,whatever,missing,src/cmd/interp.c:3736,,,21,Assist | Calm | CASCADING ELEMENTAL BEAM | Chant | Chants,WEATHER | Shatter
social,wheeze,missing,src/cmd/interp.c:3737,,,1,Social actions,WHERE | Sneeze | FREEZE
social,whimper,missing,src/cmd/interp.c:3738,,,1,Social actions,WIMPY | WHERE
social,whine,missing,src/cmd/interp.c:3739,,,2,Drool | Social actions,Mine | Hide
social,whip,partial,src/cmd/interp.c:3842,Ego Whip,,9,Ego Whip | IMPROVED TWO WEAPON FIGHTING | MindFlayer | MindFlayer Skills | Parry,
social,whistle,missing,src/cmd/interp.c:3740,,,2,Blow | Social actions,WRITE | WHOIS | TITLE
social,wiggle,missing,src/cmd/interp.c:3741,,,1,Social actions,Giggle | TOGGLE | Boggle
social,wince,missing,src/cmd/interp.c:3742,,,1,Social actions,Silence | Mine
social,wink,partial,src/cmd/interp.c:3743,TWINK,,3,Flirt | Seduce | Social actions,
social,wish,missing,src/cmd/interp.c:3824,,,44,Ask | Berserk | Classes | Consent | Drop,IWIS | Wight | WHOIS
social,wit,ambiguous,src/cmd/interp.c:3757,"EXCHANGE BANKS BALANCE DEPOSIT WITHDRAW | GOD, SWITCH | Godswitch | Pass without trace | Potion of Wither | SWITCH | SWITCH OPPONENTS | WITHER",,4,Barbarian | CONTAGION | Gnome | TAUNT,
social,woops,missing,src/cmd/interp.c:3744,,,1,Social actions,
social,worship,missing,src/cmd/interp.c:3745,,,7,Druid | Priest | Shaman | Ship | Social actions,Ship | ships
social,wrap,missing,src/cmd/interp.c:3825,,,5,Death Knight | Drider | EMPOWER SONG | Enhance Armor | PROTECT SOUL,TRAP
social,wrinkle,missing,src/cmd/interp.c:3850,,,0,,WRITE | TWINK | Drink
social,yabba,missing,src/cmd/interp.c:3826,,,0,,
social,yahoo,missing,src/cmd/interp.c:3827,,,0,,
social,yawn,missing,src/cmd/interp.c:3746,,,1,Social actions,Spawn
social,yeehaw,missing,src/cmd/interp.c:3828,,,0,,
social,yodel,missing,src/cmd/interp.c:3747,,,1,Social actions,
social,zone,ambiguous,src/cmd/interp.c:3748,"RANDOM ""RANDOM EQUIMENT"" ""RANDOM MOB"" ""RANDOM ZONE"" | Random zones | ZONE GOD | ZONES",,78,ACHIEVEMENTS | Area | Area making | Areamaking | Congratulate,
song,song of calming,exact,src/classes/skills.c:3835,Song of calming,Song of calming,0,,
song,song of chaos,exact,src/classes/skills.c:3826,Song of Chaos,Song of Chaos,0,,
song,song of charming,exact,src/classes/skills.c:3814,Song of Charming,Song of Charming,0,,
song,song of cowardice,exact,src/classes/skills.c:3860,Song of cowardice,Song of cowardice,0,,
song,song of discord,exact,src/classes/skills.c:3817,Song of Discord,Song of Discord,0,,
song,song of dissonance,exact,src/classes/skills.c:3869,SONG OF DISSONANCE,SONG OF DISSONANCE,0,,
song,song of dragons,exact,src/classes/skills.c:3829,Song of Dragons,Song of Dragons,0,,
song,song of drifting,exact,src/classes/skills.c:3872,Song of drifting,Song of drifting,0,,
song,song of flight,exact,src/classes/skills.c:3850,Song of Flight,Song of Flight,0,,
song,song of forgetfulness,exact,src/classes/skills.c:3863,Song of Forgetfulness,Song of Forgetfulness,0,,
song,song of harming,exact,src/classes/skills.c:3847,Song of Harming,Song of Harming,0,,
song,song of harmony,exact,src/classes/skills.c:3820,Song of harmony,Song of harmony,0,,
song,song of healing,exact,src/classes/skills.c:3838,Song of healing,Song of healing,0,,
song,song of heroism,exact,src/classes/skills.c:3856,Song of heroism,Song of heroism,0,,
song,song of peace,exact,src/classes/skills.c:3866,Song of Peace,Song of Peace,0,,
song,song of protection,exact,src/classes/skills.c:3853,Song of Protection,Song of Protection,0,,
song,song of revelation,exact,src/classes/skills.c:3841,Song of revelation,Song of revelation,0,,
song,song of sleep,exact,src/classes/skills.c:3832,Song of Sleep,Song of Sleep,0,,
song,song of storms,exact,src/classes/skills.c:3823,Song of Storms,Song of Storms,0,,
specialization,Air Magus,exact,src/core/common.c:39,Air magus,Air magus,0,,
specialization,Animalist,exact,src/core/common.c:35,Animalist,Animalist,0,,
specialization,Assassin,exact,src/core/common.c:40,Assassin | Assassin Skills | SKILL_ASSASSIN,Assassin,0,,
specialization,Battle-Forger,exact,src/core/common.c:48,Battle-forger,Battle-forger,0,,
specialization,Blacksmith,exact,src/core/common.c:48,Blacksmith,Blacksmith,0,,
specialization,Blademaster,exact,src/core/common.c:26,Blademaster,Blademaster,0,,
specialization,Bounty Hunter,exact,src/core/common.c:42,Bounty Hunter,Bounty Hunter,0,,
specialization,Brigand,exact,src/core/common.c:42,Brigand,Brigand,0,,
specialization,Cavalier,exact,src/core/common.c:29,Cavalier,Cavalier,0,,
specialization,Controller,missing,src/core/common.c:63,,,7,Githzerai | Kobold | Planetbound Illithid | Roll | Summoner,CONTROL FLEE | Control Flames | Control Weather
specialization,Crusader,exact,src/core/common.c:29,Crusader,Crusader,0,,
specialization,Dark Dreamer,exact,src/core/common.c:54,Dark dreamer,Dark dreamer,0,,
specialization,Dark Knight,exact,src/core/common.c:30,Dark knight,Dark knight,0,,
specialization,Deathlord,exact,src/core/common.c:57,Deathlord,Deathlord,0,,
specialization,Demonic Rider,exact,src/core/common.c:30,Demonic rider,Demonic rider,0,,
specialization,Diabolis,exact,src/core/common.c:38,Diabolis,Diabolis,0,,
specialization,Disharmonist,exact,src/core/common.c:43,Disharmonist,Disharmonist,0,,
specialization,Dragon Hunter,missing,src/core/common.c:65,,,3,Dragoon | Dragoon Skills | Tiefling,DRAGON PUNCH | DRAGON STRIKE | Bounty Hunter
specialization,Dragon Lancer,missing,src/core/common.c:66,,,4,Dragoon | Dragoon Skills | Githzerai | Tiefling,DRAGON PUNCH | Dragonpunch | DRAGON ROAR
specialization,Dragon Priest,missing,src/core/common.c:65,,,7,ANIMAE CICATRIX | DRAGON BREATH | Dragoon | Dragoon Skills | Githzerai,DRAGON BREATH | WAR PRIEST | DRAGON STRIKE
specialization,Earth Magus,exact,src/core/common.c:39,Earth magus,Earth magus,0,,
specialization,Earth Reaver,missing,src/core/common.c:53,,,9,Drider | Drow elf | Duergar dwarf | Githyanki | Goblin,Shock reaver | Reaver | Flame reaver
specialization,Elaphidist,exact,src/core/common.c:33,Elaphidist,Elaphidist,0,,
specialization,Elementalist,exact,src/core/common.c:35,Elementalist,Elementalist,0,,
specialization,Enslaver,exact,src/core/common.c:27,Enslaver,Enslaver,0,,
specialization,Fire Magus,exact,src/core/common.c:39,Fire magus,Fire magus,0,,
specialization,Flame Reaver,exact,src/core/common.c:51,Flame reaver,Flame reaver,0,,
specialization,Forest Druid,exact,src/core/common.c:34,Forest druid,Forest druid,0,,
specialization,Frost Magus,exact,src/core/common.c:58,Frost magus,Frost magus,0,,
specialization,Guardian,exact,src/core/common.c:25,GREATER GUARDIAN WARD | Guardian | GUARDIAN SPIRITS | GUARDIAN WARD | Highlord Guardian | LESSER GUARDIAN WARD,Guardian,0,,
specialization,Healer,exact,src/core/common.c:32,Healer,Healer,0,,
specialization,Holyman,exact,src/core/common.c:32,Holyman,Holyman,0,,
specialization,Huntsman,exact,src/core/common.c:26,Huntsman,Huntsman,0,,
specialization,Ice Reaver,missing,src/core/common.c:50,,,7,Drider | Drow elf | Githyanki | Goblin | Orc,Reaver | Shock reaver | Flame reaver
specialization,Inquisitor,missing,src/core/common.c:60,,,5,Ascend | Avenger | Command aura | Lightbringer | Sit,
specialization,Lightbringer,exact,src/core/common.c:60,Lightbringer,Lightbringer,0,,
specialization,Magician,exact,src/core/common.c:54,Magician,Magician,0,,
specialization,Marshall,exact,src/core/common.c:26,Marshall,Marshall,0,,
specialization,MaUleR,exact,src/core/common.c:49,Mauler,Mauler,0,,
specialization,Medium,missing,src/core/common.c:61,,,12,CONJURE ICE | CRAFTING | Fishing | Jade Empire | Potion of Nitrogen,
specialization,Mentalist,partial,src/core/common.c:63,Elementalist,,7,Githzerai | Kobold | List | Planetbound Illithid | Summoner,
specialization,Minstrel,exact,src/core/common.c:43,Minstrel,Minstrel,0,,
specialization,Naturalist,missing,src/core/common.c:63,,,7,Githzerai | Kobold | List | Planetbound Illithid | Summoner,RLIST
specialization,Necrolyte,exact,src/core/common.c:38,Necrolyte,Necrolyte,0,,
specialization,Psycheporter,exact,src/core/common.c:27,Psycheporter,Psycheporter,0,,
specialization,Pyrokinetic,exact,src/core/common.c:27,Pyrokinetic,Pyrokinetic,0,,
specialization,RaGeloRd,exact,src/core/common.c:49,Ragelord,Ragelord,0,,
specialization,Reaper,exact,src/core/common.c:38,Reaper,Reaper,0,,
specialization,Red Dragon,exact,src/core/common.c:33,Red dragon,Red dragon,0,,
specialization,Ruiner,missing,src/core/common.c:55,,,10,Blighter | Blighter Skills | Doom Blade | Drider | Drow elf,REFINE | Ranger | Hunger
specialization,Scoundrel,exact,src/core/common.c:43,Scoundrel,Scoundrel,0,,
specialization,Scourge,missing,src/core/common.c:55,,,9,BLIGHT | Blighter | Blighter Skills | DRAIN NATURE | Drider,Score | Scoundrel | STORAGE
specialization,Shadow Archer,partial,src/core/common.c:40,SHADOW ARCHERY,,2,Rogue | Shadow,
specialization,Shadowlord,missing,src/core/common.c:57,,,8,Command aura | Deathlord | Dreadlord | FADE | Shadow,Shadow | Shadow shield | Shadow Monster
specialization,Shadowmage,exact,src/core/common.c:37,Shadowmage,Shadowmage,0,,
specialization,Shock Reaver,exact,src/core/common.c:52,Shock reaver,Shock reaver,0,,
specialization,Spiritualist,exact,src/core/common.c:35,SPIRITUALIST,SPIRITUALIST,0,,
specialization,Star Magus,exact,src/core/common.c:59,Star Magus,Star Magus,0,,
specialization,Storm Bringer,missing,src/core/common.c:55,,,7,Blighter | Blighter Skills | Drider | Drow elf | Githyanki,STORM DRUID
specialization,Storm Druid,exact,src/core/common.c:34,STORM DRUID,STORM DRUID,0,,
specialization,Swashbuckler,exact,src/core/common.c:25,Swashbuckler,Swashbuckler,0,,
specialization,Swordsman,exact,src/core/common.c:25,SWORDSMAN,SWORDSMAN,0,,
specialization,Tempest Magus,missing,src/core/common.c:58,,,12,Drow elf | Ethermancer | Githyanki | Githzerai | Goblin,Star Magus | WATER MAGUS | Frost magus
specialization,Templar,missing,src/core/common.c:61,,,2,Theurgist | Theurgist Skills,
specialization,Thaumaturge,missing,src/core/common.c:62,,,5,Call deva | HOLY BLADE | Remort | Theurgist | Theurgist Skills,
specialization,Thief,exact,src/core/common.c:40,SKILL_THIEF | Thief | Thief Skills,Thief,0,,
specialization,Violator,missing,src/core/common.c:30,,,4,Anti-Paladin | Githyanki | Orc | Tiefling,
specialization,Water Magus,exact,src/core/common.c:39,WATER MAGUS,WATER MAGUS,0,,
specialization,Wildmage,exact,src/core/common.c:37,WILDMAGE,WILDMAGE,0,,
specialization,Wizard,exact,src/core/common.c:37,WIZARD | WIZARD EYE,WIZARD,0,,
specialization,Zealot,exact,src/core/common.c:32,ZEALOT,ZEALOT,0,,
spell,accelerated healing,exact,src/classes/skills.c:710,Accelerated healing,Accelerated healing,0,,
spell,acid blast,exact,src/classes/skills.c:2472,Acid blast,Acid blast,0,,
spell,acid rain,exact,src/classes/skills.c:2146,ACID RAIN,ACID RAIN,0,,
spell,acid stream,exact,src/classes/skills.c:2454,Acid stream,Acid stream,0,,
spell,acidimmolate,exact,src/classes/skills.c:2125,ACIDIMMOLATE,ACIDIMMOLATE,0,,
spell,adrenaline control,exact,src/classes/skills.c:808,Adrenaline Control,Adrenaline Control,0,,
spell,aegis squamarum,exact,src/classes/skills.c:5010,AEGIS SQUAMARUM,AEGIS SQUAMARUM,0,,
spell,age,exact,src/classes/skills.c:1226,Age | Age Corpse | ARCHMAGE | ARMAGEDDON | Army of Armageddon | Bandage | BATTLE MAGES AURA | BLADE BARRAGE | Bullywug Village | COMPREHEND LANGUAGES | Disengage | Enrage | Forage | INDOMITABLE RAGE | Languages | Lionrage | LOCKER STORAGE | Mage Flame | Main Page | Massage | Message | MIRAGE | Mirror Image | Old Bandage | PAGE | RAGE | Ragelord | RAMPAGE | SALVAGE | Shadowmage | SHIP DAMAGE CONTROL | Solbeeps Missile Barrage | STORAGE | UNARMED DAMAGE | WILDMAGE | WINDRAGE,Age,0,,
spell,agility,exact,src/classes/skills.c:2053,Agility | Enhance Agility | EPIC AGILITY,Agility,0,,
spell,aid,exact,src/classes/skills.c:1508,Aid | AID OF THE HEAVENS | Battleaid | First Aid | Raid,Aid,0,,
spell,aid of the heavens,exact,src/classes/skills.c:4969,AID OF THE HEAVENS,AID OF THE HEAVENS,0,,
spell,air form,exact,src/classes/skills.c:277,Air Form,Air Form,0,,
spell,airy water,exact,src/classes/skills.c:3908,Airy Water,Airy Water,0,,
spell,alter energy polarity,exact,src/classes/skills.c:1556,Alter Energy Polarity,Alter Energy Polarity,0,,
spell,angelic countenance,exact,src/classes/skills.c:4163,ANGELIC COUNTENANCE,ANGELIC COUNTENANCE,0,,
spell,animae cicatrix,exact,src/classes/skills.c:4987,ANIMAE CICATRIX,ANIMAE CICATRIX,0,,
spell,animal friendship,exact,src/classes/skills.c:2331,Animal Friendship,Animal Friendship,0,,
spell,animal growth,exact,src/classes/skills.c:2723,Animal Growth,Animal Growth,0,,
spell,animal vision,exact,src/classes/skills.c:2707,Animal Vision,Animal Vision,0,,
spell,animate dead,exact,src/classes/skills.c:1938,Animate Dead,Animate Dead,0,,
spell,anti-magic ray,exact,src/classes/skills.c:1176,ANTI-MAGIC RAY,ANTI-MAGIC RAY,0,,
spell,antimatter collision,exact,src/classes/skills.c:3293,ANTIMATTER COLLISION,ANTIMATTER COLLISION,0,,
spell,apocalypse,exact,src/classes/skills.c:379,Apocalypse,Apocalypse,0,,
spell,arcane whirlwind,exact,src/classes/skills.c:3307,Arcane Whirlwind,Arcane Whirlwind,0,,
spell,arctic blast,exact,src/classes/skills.c:3289,ARCTIC BLAST,ARCTIC BLAST,0,,
spell,arieks shattering iceball,exact,src/classes/skills.c:2905,Arieks Shattering Iceball,Arieks Shattering Iceball,0,,
spell,armor,exact,src/classes/skills.c:731,"AC ""ARMOR CLASS"" | Armor | Armor Class | Armorclass | Enhance Armor | Flesh Armor | ICEFLOW ARMOR | Phantom armor | SPIRIT ARMOR | VAPOR ARMOR",Armor,0,,
spell,asphyxiate,exact,src/classes/skills.c:567,ASPHYXIATE,ASPHYXIATE,0,,
spell,atonement,exact,src/classes/skills.c:3463,ATONEMENT,ATONEMENT,0,,
spell,Auctions Disabled,missing,src/classes/skills.c:580,,,0,,Auction Bid | Auction List
spell,aura of rebirth,exact,src/classes/skills.c:306,AURA OF REBIRTH,AURA OF REBIRTH,0,,
spell,aura sight,exact,src/classes/skills.c:814,Aura Sight,Aura Sight,0,,
spell,awaken forest,exact,src/classes/skills.c:681,Awaken Forest,Awaken Forest,0,,
spell,awe,exact,src/classes/skills.c:819,Awe,Awe,0,,
spell,baladors protection,exact,src/classes/skills.c:3069,Baladors Protection,Baladors Protection,0,,
spell,ballistic attack,exact,src/classes/skills.c:824,Ballistic Attack,Ballistic Attack,0,,
spell,banish,exact,src/classes/skills.c:497,Banish | Mount Banishment Guides,Banish,0,,
spell,barkskin,exact,src/classes/skills.c:4255,Barkskin | Mass Barkskin,Barkskin,0,,
spell,battle ecstasy,exact,src/classes/skills.c:2685,Battle ecstasy,Battle ecstasy,0,,
spell,Battle Mages Aura,exact,src/classes/skills.c:583,BATTLE MAGES AURA,BATTLE MAGES AURA,0,,
spell,battletide,exact,src/classes/skills.c:310,BATTLETIDE,BATTLETIDE,0,,
spell,bearstrength,exact,src/classes/skills.c:2797,BEARSTRENGTH,BEARSTRENGTH,0,,
spell,beastform,exact,src/classes/skills.c:2836,BEASTFORM,BEASTFORM,0,,
spell,bigbys clenched fist,exact,src/classes/skills.c:1165,Bigbys Clenched Fist,Bigbys Clenched Fist,0,,
spell,bigbys crushing hand,exact,src/classes/skills.c:1184,Bigbys Crushing Hand,Bigbys Crushing Hand,0,,
spell,binding wind,exact,src/classes/skills.c:4196,BINDING WIND,BINDING WIND,0,,
spell,biofeedback,exact,src/classes/skills.c:845,Biofeedback,Biofeedback,0,,
spell,blackmantle,exact,src/classes/skills.c:604,BLACKMANTLE,BLACKMANTLE,0,,
spell,bleak foeman,exact,src/classes/skills.c:1971,BLEAK FOEMAN,BLEAK FOEMAN,0,,
spell,bless,exact,src/classes/skills.c:1362,Bless | Death Blessing | Divine Blessing | Natures Blessing | WINDSTROM BLESSING,Bless,0,,
spell,blight,exact,src/classes/skills.c:4269,BLIGHT | Blighter | Blighter Skills | SKILL_BLIGHTER,BLIGHT,0,,
spell,blindness,exact,src/classes/skills.c:1371,Blindness,Blindness,0,,
spell,blink,exact,src/classes/skills.c:421,Blink,Blink,0,,
spell,blood alliance,exact,src/classes/skills.c:3093,Blood Alliance,Blood Alliance,0,,
spell,blood to stone,exact,src/classes/skills.c:699,Blood to stone,Blood to stone,0,,
spell,bloodstone,exact,src/classes/skills.c:4298,BLOODSTONE,BLOODSTONE,0,,
spell,blur,exact,src/classes/skills.c:2075,Blur,Blur,0,,
spell,boulder,exact,src/classes/skills.c:3158,Boulder,Boulder,0,,
spell,burning hands,exact,src/classes/skills.c:1053,Burning Hands,Burning Hands,0,,
spell,call archon,exact,src/classes/skills.c:1943,CALL ARCHON,CALL ARCHON,0,,
spell,call asura,exact,src/classes/skills.c:1922,Call asura,Call asura,0,,
spell,call avatar,exact,src/classes/skills.c:621,CALL AVATAR,CALL AVATAR,0,,
spell,call bralani,exact,src/classes/skills.c:1926,CALL BRALANI,CALL BRALANI,0,,
spell,call deva,exact,src/classes/skills.c:537,Call deva,Call deva,0,,
spell,call knight,exact,src/classes/skills.c:1930,CALL KNIGHT,CALL KNIGHT,0,,
spell,call liberator,exact,src/classes/skills.c:1934,CALL LIBERATOR,CALL LIBERATOR,0,,
spell,call lightning,exact,src/classes/skills.c:1287,Call lightning,Call lightning,0,,
spell,call of the wild,exact,src/classes/skills.c:2831,CALL OF THE WILD,CALL OF THE WILD,0,,
spell,call titan,exact,src/classes/skills.c:4306,CALL TITAN,CALL TITAN,0,,
spell,call woodland beings,exact,src/classes/skills.c:1254,Call woodland beings,Call woodland beings,0,,
spell,cannibalize,exact,src/classes/skills.c:999,Cannibalize,Cannibalize,0,,
spell,cascading elemental beam,exact,src/classes/skills.c:2847,CASCADING ELEMENTAL BEAM,CASCADING ELEMENTAL BEAM,0,,
spell,cause critical,exact,src/classes/skills.c:1653,Cause Critical,Cause Critical,0,,
spell,cause light,exact,src/classes/skills.c:1604,Cause light,Cause light,0,,
spell,cause serious,exact,src/classes/skills.c:1640,Cause Serious,Cause Serious,0,,
spell,cegilunes searing blade,exact,src/classes/skills.c:3083,CEGILUNES SEARING BLADE,CEGILUNES SEARING BLADE,0,,
spell,celerity,exact,src/classes/skills.c:1021,CELERITY,CELERITY,0,,
spell,celestial aura,exact,src/classes/skills.c:3468,Celestial aura,Celestial aura,0,,
spell,cell adjustment,exact,src/classes/skills.c:855,Cell Adjustment,Cell Adjustment,0,,
spell,chain lightning,exact,src/classes/skills.c:1153,Chain Lightning,Chain Lightning,0,,
spell,channel,exact,src/classes/skills.c:1700,Channel | Channel Negative Energy | Channeler | TOGGLE_HINT CHANNEL,Channel,0,,
spell,channel negative energy,exact,src/classes/skills.c:1636,Channel Negative Energy,Channel Negative Energy,0,,
spell,chaos shield,exact,src/classes/skills.c:3473,CHAOS SHIELD,CHAOS SHIELD,0,,
spell,chaos volley,exact,src/classes/skills.c:417,CHAOS VOLLEY,CHAOS VOLLEY,0,,
spell,chaotic ripple,exact,src/classes/skills.c:413,Chaotic Ripple,Chaotic Ripple,0,,
spell,charm animal,exact,src/classes/skills.c:2660,Charm Animal,Charm Animal,0,,
spell,charm person,exact,src/classes/skills.c:1392,CHARM PERSON,CHARM PERSON,0,,
spell,chill touch,exact,src/classes/skills.c:1040,Chill touch,Chill touch,0,,
spell,clairvoyance,exact,src/classes/skills.c:1212,CLAIRVOYANCE,CLAIRVOYANCE,0,,
spell,cloak of fear,exact,src/classes/skills.c:2120,Cloak of Fear,Cloak of Fear,0,,
spell,clone form,exact,src/classes/skills.c:3211,Clone form,Clone form,0,,
spell,cold snap,exact,src/classes/skills.c:3266,Cold snap,Cold snap,0,,
spell,cold ward,exact,src/classes/skills.c:2873,Cold Ward,Cold Ward,0,,
spell,coldshield,exact,src/classes/skills.c:2650,Coldshield,Coldshield,0,,
spell,color spray,exact,src/classes/skills.c:2426,Color Spray,Color Spray,0,,
spell,combat mind,exact,src/classes/skills.c:860,Combat mind,Combat mind,0,,
spell,comet,exact,src/classes/skills.c:3391,Comet,Comet,0,,
spell,command horde,exact,src/classes/skills.c:4224,Command Horde,Command Horde,0,,
spell,command undead,exact,src/classes/skills.c:2566,COMMAND UNDEAD,COMMAND UNDEAD,0,,
spell,compact corpse,exact,src/classes/skills.c:1918,COMPACT CORPSE,COMPACT CORPSE,0,,
spell,comprehend languages,exact,src/classes/skills.c:2632,COMPREHEND LANGUAGES,COMPREHEND LANGUAGES,0,,
spell,concealment,exact,src/classes/skills.c:1860,Concealment,Concealment,0,,
spell,cone of cold,exact,src/classes/skills.c:1089,Cone of Cold,Cone of Cold,0,,
spell,confuse,exact,src/classes/skills.c:979,Confuse,Confuse,0,,
spell,conjure air,exact,src/classes/skills.c:3329,Conjure air,Conjure air,0,,
spell,conjure elemental,exact,src/classes/skills.c:2220,Conjure elemental,Conjure elemental,0,,
spell,conjure greater elemental,exact,src/classes/skills.c:2231,Conjure Greater Elemental,Conjure Greater Elemental,0,,
spell,conjure ice,exact,src/classes/skills.c:3337,CONJURE ICE,CONJURE ICE,0,,
spell,conjure void,exact,src/classes/skills.c:3333,CONJURE VOID,CONJURE VOID,0,,
spell,consecrate land,exact,src/classes/skills.c:2266,Consecrate Land,Consecrate Land,0,,
spell,contagion,exact,src/classes/skills.c:1541,CONTAGION,CONTAGION,0,,
spell,contain being,exact,src/classes/skills.c:590,CONTAIN BEING,CONTAIN BEING,0,,
spell,continual light,exact,src/classes/skills.c:2258,Continual Light,Continual Light,0,,
spell,control flames,exact,src/classes/skills.c:877,Control Flames,Control Flames,0,,
spell,control weather,exact,src/classes/skills.c:1427,Control Weather,Control Weather,0,,
spell,corpse portal,exact,src/classes/skills.c:596,CORPSE PORTAL,CORPSE PORTAL,0,,
spell,corpseform,exact,src/classes/skills.c:599,Corpseform,Corpseform,0,,
spell,corrosive blast,exact,src/classes/skills.c:3050,CORROSIVE BLAST,CORROSIVE BLAST,0,,
spell,cosmic rift,exact,src/classes/skills.c:3403,COSMIC RIFT,COSMIC RIFT,0,,
spell,cosmic vacuum,exact,src/classes/skills.c:3387,Cosmic Vacuum,Cosmic Vacuum,0,,
spell,create dracolich,exact,src/classes/skills.c:4302,Create dracolich,Create dracolich,0,,
spell,create food,exact,src/classes/skills.c:1475,CREATE FOOD,CREATE FOOD,0,,
spell,create golem,exact,src/classes/skills.c:528,Create Golem,Create Golem,0,,
spell,create greater dracolich,exact,src/classes/skills.c:616,Create greater dracolich,Create greater dracolich,0,,
spell,create pond,exact,src/classes/skills.c:4251,CREATE POND,CREATE POND,0,,
spell,create sound,exact,src/classes/skills.c:880,Create Sound,Create Sound,0,,
spell,create spring,exact,src/classes/skills.c:4247,Create Spring,Create Spring,0,,
spell,create water,exact,src/classes/skills.c:1481,CREATE WATER,CREATE WATER,0,,
spell,creeping doom,exact,src/classes/skills.c:2141,Creeping doom,Creeping doom,0,,
spell,cure blind,exact,src/classes/skills.c:1495,Cure Blind,Cure Blind,0,,
spell,cure critic,exact,src/classes/skills.c:1648,CURE CRITIC | Cure Critical,CURE CRITIC,0,,
spell,cure disease,exact,src/classes/skills.c:1599,Cure Disease,Cure Disease,0,,
spell,cure light,exact,src/classes/skills.c:1592,Cure Light,Cure Light,0,,
spell,cure serious,exact,src/classes/skills.c:1617,Cure Serious,Cure Serious,0,,
spell,curse,exact,src/classes/skills.c:1545,Curse | CURSE OF YZAR | CURSED ARROWS | Remove Curse,Curse,0,,
spell,curse of yzar,exact,src/classes/skills.c:4278,CURSE OF YZAR,CURSE OF YZAR,0,,
spell,cyclone,exact,src/classes/skills.c:1947,Cyclone,Cyclone,0,,
spell,dark compact,exact,src/classes/skills.c:1198,Dark Compact,Dark Compact,0,,
spell,darkness,exact,src/classes/skills.c:2290,Darkness | Globe of Darkness | SLASHING DARKNESS,Darkness,0,,
spell,dazzle,exact,src/classes/skills.c:2071,Dazzle,Dazzle,0,,
spell,death blessing,exact,src/classes/skills.c:1792,Death Blessing,Death Blessing,0,,
spell,death field,exact,src/classes/skills.c:885,Death Field,Death Field,0,,
spell,decaying flesh,exact,src/classes/skills.c:2111,DECAYING FLESH,DECAYING FLESH,0,,
spell,deflect,exact,src/classes/skills.c:1388,Deflect,Deflect,0,,
spell,delirium,exact,src/classes/skills.c:3232,Delirium,Delirium,0,,
spell,depart,exact,src/classes/skills.c:1348,DEPART,DEPART,0,,
spell,depressed earth,exact,src/classes/skills.c:639,DEPRESSED EARTH,DEPRESSED EARTH,0,,
spell,desecrate land,exact,src/classes/skills.c:2273,DESECRATE LAND,DESECRATE LAND,0,,
spell,destroy undead,exact,src/classes/skills.c:1307,Destroy Undead,Destroy Undead,0,,
spell,detect evil,exact,src/classes/skills.c:1719,Detect Evil,Detect Evil,0,,
spell,detect good,exact,src/classes/skills.c:1726,Detect Good,Detect Good,0,,
spell,detect illusion,exact,src/classes/skills.c:3202,Detect Illusion,Detect Illusion,0,,
spell,detect invisibility,exact,src/classes/skills.c:1708,Detect Invisibility,Detect Invisibility,0,,
spell,detect magic,exact,src/classes/skills.c:1733,Detect Magic,Detect Magic,0,,
spell,detonate,exact,src/classes/skills.c:760,"Detonate | DETONATE ""IMPROVED DETONATE"" | Improved Detonate",Detonate,0,,
spell,devitalize,exact,src/classes/skills.c:1512,Devitalize,Devitalize,0,,
spell,dexterity,exact,src/classes/skills.c:2046,"Dexterity | Dexterity (spell) | Enhance Dexterity | EPIC DEXTERITY | SPELL, DEXTERITY",Dexterity,0,,
spell,dharma,exact,src/classes/skills.c:2674,Dharma,Dharma,0,,
spell,dimension door,exact,src/classes/skills.c:1188,Dimension Door,Dimension Door,0,,
spell,disease,exact,src/classes/skills.c:1535,Cure Disease | Disease,Disease,0,,
spell,disintegrate,exact,src/classes/skills.c:2449,Disintegrate,Disintegrate,0,,
spell,dispel evil,exact,src/classes/skills.c:1271,Dispel Evil,Dispel Evil,0,,
spell,dispel good,exact,src/classes/skills.c:1279,Dispel Good,Dispel Good,0,,
spell,dispel invisible,exact,src/classes/skills.c:1843,Dispel Invisible,Dispel Invisible,0,,
spell,dispel lifeforce,exact,src/classes/skills.c:1551,Dispel Lifeforce,Dispel Lifeforce,0,,
spell,dispel magic,exact,src/classes/skills.c:2015,Dispel Magic | Potion of Dispel Magic,Dispel Magic,0,,
spell,displacement,exact,src/classes/skills.c:850,DISPLACEMENT,DISPLACEMENT,0,,
spell,divine blessing,exact,src/classes/skills.c:4173,Divine Blessing,Divine Blessing,0,,
spell,divine font,exact,src/classes/skills.c:5104,DIVINE FONT,DIVINE FONT,0,,
spell,divine fury,exact,src/classes/skills.c:1703,DIVINE FURY,DIVINE FURY,0,,
spell,divine power,exact,src/classes/skills.c:3459,DIVINE POWER,DIVINE POWER,0,,
spell,divine warding,exact,src/classes/skills.c:5096,Divine Warding,Divine Warding,0,,
spell,doom blade,exact,src/classes/skills.c:3445,Doom Blade,Doom Blade,0,,
spell,draconic apotheosis,exact,src/classes/skills.c:5056,DRACONIC APOTHEOSIS,DRACONIC APOTHEOSIS,0,,
spell,dragon,exact,src/classes/skills.c:3224,Dragon | DRAGON BREATH | DRAGON DISCIPLE | DRAGON PUNCH | DRAGON ROAR | DRAGON STRIKE | Dragonpunch | Fist of Dragon | Mind of dragon | Red dragon | Song of Dragons,Dragon,0,,
spell,drain nature,exact,src/classes/skills.c:1671,DRAIN NATURE,DRAIN NATURE,0,,
spell,dread blade,exact,src/classes/skills.c:355,Dread blade,Dread blade,0,,
spell,dread wave,exact,src/classes/skills.c:297,Dread Wave,Dread Wave,0,,
spell,dream travel,exact,src/classes/skills.c:3207,Dream Travel,Dream Travel,0,,
spell,earth spike,exact,src/classes/skills.c:1267,EARTH SPIKE,EARTH SPIKE,0,,
spell,earthen grasp,exact,src/classes/skills.c:2893,Earthen Grasp | Greater Earthen Grasp,Earthen Grasp,0,,
spell,earthen maul,exact,src/classes/skills.c:1258,Earthen Maul,Earthen Maul,0,,
spell,earthen rain,exact,src/classes/skills.c:2915,Earthen Rain,Earthen Rain,0,,
spell,earthen tomb,exact,src/classes/skills.c:291,Earthen Tomb,Earthen Tomb,0,,
spell,earthquake,exact,src/classes/skills.c:1247,Earthquake,Earthquake,0,,
spell,ectoplasmic form,exact,src/classes/skills.c:894,Ectoplasmic Form,Ectoplasmic Form,0,,
spell,edictum cineris,exact,src/classes/skills.c:5047,EDICTUM CINERIS,EDICTUM CINERIS,0,,
spell,ego blast,exact,src/classes/skills.c:873,EGO BLAST,EGO BLAST,0,,
spell,ego whip,exact,src/classes/skills.c:899,Ego Whip,Ego Whip,0,,
spell,electrical execution,exact,src/classes/skills.c:285,ELECTRICAL EXECUTION,ELECTRICAL EXECUTION,0,,
spell,elemental affinity,exact,src/classes/skills.c:2842,Elemental Affinity,Elemental Affinity,0,,
spell,elemental aura,exact,src/classes/skills.c:4182,Elemental Aura,Elemental Aura,0,,
spell,elemental form,exact,src/classes/skills.c:4178,Elemental Form,Elemental Form,0,,
spell,elemental fury,exact,src/classes/skills.c:2852,Elemental Fury,Elemental Fury,0,,
spell,elemental swarm,exact,src/classes/skills.c:1451,ELEMENTAL SWARM,ELEMENTAL SWARM,0,,
spell,elephantstrength,exact,src/classes/skills.c:2813,ELEPHANTSTRENGTH,ELEPHANTSTRENGTH,0,,
spell,embalm,exact,src/classes/skills.c:4153,Embalm | Mass Embalm,Embalm,0,,
spell,enchant weapon,exact,src/classes/skills.c:1814,Enchant Weapon,Enchant Weapon,0,,
spell,endurance,exact,src/classes/skills.c:715,Aura of Endurance | Endurance | IMPROVED ENDURANCE,Endurance,0,,
spell,energy containment,exact,src/classes/skills.c:910,Energy containment,Energy containment,0,,
spell,energy drain,exact,src/classes/skills.c:1108,Energy Drain,Energy Drain,0,,
spell,enervation,exact,src/classes/skills.c:1099,ENERVATION,ENERVATION,0,,
spell,enhance agility,exact,src/classes/skills.c:932,Enhance Agility,Enhance Agility,0,,
spell,enhance armor,exact,src/classes/skills.c:916,Enhance Armor,Enhance Armor,0,,
spell,enhance constitution,exact,src/classes/skills.c:938,Enhance Constitution,Enhance Constitution,0,,
spell,enhance dexterity,exact,src/classes/skills.c:926,Enhance Dexterity,Enhance Dexterity,0,,
spell,enhance strength,exact,src/classes/skills.c:920,Enhance Strength,Enhance Strength,0,,
spell,enlarge,exact,src/classes/skills.c:2733,Enlarge,Enlarge,0,,
spell,enrage,exact,src/classes/skills.c:750,Enrage,Enrage,0,,
spell,ensis unguis,exact,src/classes/skills.c:4992,ENSIS UNGUIS,ENSIS UNGUIS,0,,
spell,entangle,exact,src/classes/skills.c:4240,Entangle | Potion of Entangle,Entangle,0,,
spell,entropy storm,exact,src/classes/skills.c:1149,Entropy Storm,Entropy Storm,0,,
spell,eshabalas vitality,exact,src/classes/skills.c:3078,Eshabalas Vitality,Eshabalas Vitality,0,,
spell,essence of the wolf,exact,src/classes/skills.c:3041,Essence of the Wolf,Essence of the Wolf,0,,
spell,ether warp,exact,src/classes/skills.c:770,Ether Warp,Ether Warp,0,,
spell,ethereal alliance,exact,src/classes/skills.c:3423,Ethereal Alliance,Ethereal Alliance,0,,
spell,ethereal discharge,exact,src/classes/skills.c:3395,Ethereal discharge,Ethereal discharge,0,,
spell,ethereal form,exact,src/classes/skills.c:3297,Ethereal Form,Ethereal Form,0,,
spell,ethereal grounds,exact,src/classes/skills.c:281,Ethereal grounds,Ethereal grounds,0,,
spell,ethereal recharge,exact,src/classes/skills.c:3302,Ethereal Recharge | Greater Ethereal Recharge,Ethereal Recharge,0,,
spell,ethereal rift,exact,src/classes/skills.c:775,Ethereal Rift,Ethereal Rift,0,,
spell,ethereal travel,exact,src/classes/skills.c:3441,ETHEREAL TRAVEL,ETHEREAL TRAVEL,0,,
spell,etheric gust,exact,src/classes/skills.c:3350,ETHERIC GUST,ETHERIC GUST,0,,
spell,etherportal,exact,src/classes/skills.c:3033,Etherportal,Etherportal,0,,
spell,excogitate,exact,src/classes/skills.c:755,EXCOGITATE,EXCOGITATE,0,,
spell,faerie fire,exact,src/classes/skills.c:2478,Faerie Fire | Potion of Faerie Fire,Faerie Fire,0,,
spell,faerie fog,exact,src/classes/skills.c:2485,Faerie Fog,Faerie Fog,0,,
spell,faerie sight,exact,src/classes/skills.c:3256,Faerie Sight,Faerie Sight,0,,
spell,faluzures vitality,exact,src/classes/skills.c:1357,FALUZURES VITALITY,FALUZURES VITALITY,0,,
spell,farsee,exact,src/classes/skills.c:1573,Farsee,Farsee,0,,
spell,fear,exact,src/classes/skills.c:1582,Cloak of Fear | Fear | VORTEX OF FEAR,Fear,0,,
spell,feeblemind,exact,src/classes/skills.c:2532,Feeblemind | Potion of Feeblemind,Feeblemind,0,,
spell,ferrix precision,exact,src/classes/skills.c:3074,Ferrix Precision,Ferrix Precision,0,,
spell,fire aura,exact,src/classes/skills.c:765,Fire Aura,Fire Aura,0,,
spell,fire ward,exact,src/classes/skills.c:2878,Fire Ward,Fire Ward,0,,
spell,fireball,exact,src/classes/skills.c:1136,Fireball,Fireball,0,,
spell,firelance,exact,src/classes/skills.c:1263,FIRELANCE,FIRELANCE,0,,
spell,fireshield,exact,src/classes/skills.c:2416,Fireshield,Fireshield,0,,
spell,firestorm,exact,src/classes/skills.c:1324,Firestorm,Firestorm,0,,
spell,flame blade,exact,src/classes/skills.c:1447,Flame Blade,Flame Blade,0,,
spell,flame sphere,exact,src/classes/skills.c:4264,FLAME SPHERE,FLAME SPHERE,0,,
spell,flame strike,exact,src/classes/skills.c:1332,Flame strike,Flame strike,0,,
spell,flameburst,exact,src/classes/skills.c:2863,Flameburst,Flameburst,0,,
spell,flesh armor,exact,src/classes/skills.c:944,Flesh Armor,Flesh Armor,0,,
spell,flicker,exact,src/classes/skills.c:3237,Flicker | GREATER FLICKER,Flicker,0,,
spell,flight,exact,src/classes/skills.c:973,Flight | Greater Ravenflight | Ravenflight | Song of Flight,Flight,0,,
spell,fly,exact,src/classes/skills.c:2362,Fly | FLY (IMMORTAL) | Fly-eq | Mass Fly | Potion of Fly,Fly,0,,
spell,forbiddance,exact,src/classes/skills.c:2279,FORBIDDANCE,FORBIDDANCE,0,,
spell,forked lightning,exact,src/classes/skills.c:3312,Forked Lightning,Forked Lightning,0,,
spell,fortitude,exact,src/classes/skills.c:725,Fortitude,Fortitude,0,,
spell,freedom of movement,exact,src/classes/skills.c:5060,FREEDOM OF MOVEMENT,FREEDOM OF MOVEMENT,0,,
spell,frost beacon,exact,src/classes/skills.c:3262,Frost Beacon,Frost Beacon,0,,
spell,frost beam,exact,src/classes/skills.c:3252,FROST BEAM,FROST BEAM,0,,
spell,frost bolt,exact,src/classes/skills.c:3283,Frost Bolt,Frost Bolt,0,,
spell,frostbite,exact,src/classes/skills.c:1071,Frostbite,Frostbite,0,,
spell,full harm,exact,src/classes/skills.c:1302,Full Harm,Full Harm,0,,
spell,full heal,exact,src/classes/skills.c:1679,Full heal,Full heal,0,,
spell,gaseous cloud,exact,src/classes/skills.c:2460,Gaseous Cloud,Gaseous Cloud,0,,
spell,gate,exact,src/classes/skills.c:1756,Gate | Gate to ardgral | Nether Gate | Shadow Gate,Gate,0,,
spell,gate to ardgral,exact,src/classes/skills.c:559,Gate to ardgral,Gate to ardgral,0,,
spell,ghastly touch,exact,src/classes/skills.c:4973,GHASTLY TOUCH,GHASTLY TOUCH,0,,
spell,girilals granite hammer,exact,src/classes/skills.c:3106,GIRILALS GRANITE HAMMER,GIRILALS GRANITE HAMMER,0,,
spell,glass bomb,exact,src/classes/skills.c:4316,GLASS BOMB,GLASS BOMB,0,,
spell,globe of darkness,exact,src/classes/skills.c:1443,Globe of Darkness,Globe of Darkness,0,,
spell,globe of invulnerability,exact,src/classes/skills.c:3913,Globe of Invulnerability | Group Globe of Invulnerability | Minor Globe of Invulnerability,Globe of Invulnerability,0,,
spell,grease,exact,src/classes/skills.c:4319,Grease | Potion of Grease,Grease,0,,
spell,greater earthen grasp,exact,src/classes/skills.c:2900,Greater Earthen Grasp,Greater Earthen Grasp,0,,
spell,greater ethereal recharge,exact,src/classes/skills.c:3428,Greater Ethereal Recharge,Greater Ethereal Recharge,0,,
spell,greater flicker,exact,src/classes/skills.c:3241,GREATER FLICKER,GREATER FLICKER,0,,
spell,greater guardian ward,exact,src/classes/skills.c:5091,GREATER GUARDIAN WARD,GREATER GUARDIAN WARD,0,,
spell,greater heal undead,exact,src/classes/skills.c:4236,Greater Heal Undead,Greater Heal Undead,0,,
spell,greater living stone,exact,src/classes/skills.c:1132,GREATER LIVING STONE | Potion of Greater Living Stone,GREATER LIVING STONE,0,,
spell,greater mending,exact,src/classes/skills.c:2987,Greater Mending,Greater Mending,0,,
spell,greater pythonsting,exact,src/classes/skills.c:2827,Greater Pythonsting,Greater Pythonsting,0,,
spell,greater ravenflight,exact,src/classes/skills.c:2823,Greater Ravenflight,Greater Ravenflight,0,,
spell,greater soul disturbance,exact,src/classes/skills.c:3001,Greater soul disturbance,Greater soul disturbance,0,,
spell,greater spirit anguish,exact,src/classes/skills.c:2995,Greater Spirit Anguish,Greater Spirit Anguish,0,,
spell,greater spirit sight,exact,src/classes/skills.c:3024,Greater Spirit Sight,Greater Spirit Sight,0,,
spell,greater spirit ward,exact,src/classes/skills.c:3028,Greater Spirit Ward,Greater Spirit Ward,0,,
spell,greater summon beast,exact,src/classes/skills.c:2788,Greater summon beast,Greater summon beast,0,,
spell,greater sustenance,exact,src/classes/skills.c:3012,GREATER SUSTENANCE,GREATER SUSTENANCE,0,,
spell,group globe of invulnerability,exact,src/classes/skills.c:3920,Group Globe of Invulnerability,Group Globe of Invulnerability,0,,
spell,group haste,exact,src/classes/skills.c:2174,GROUP HASTE,GROUP HASTE,0,,
spell,group heal,exact,src/classes/skills.c:374,Group heal,Group heal,0,,
spell,group recall,exact,src/classes/skills.c:2187,Group Recall,Group Recall,0,,
spell,group stone skin,exact,src/classes/skills.c:1997,Group Stone Skin,Group Stone Skin,0,,
spell,group stornogs spheres,exact,src/classes/skills.c:2116,Group stornogs spheres,Group stornogs spheres,0,,
spell,group teleport,exact,src/classes/skills.c:742,GROUP TELEPORT,GROUP TELEPORT,0,,
spell,grow,exact,src/classes/skills.c:636,Animal Growth | Grow | Growl | SPIKE GROWTH,Grow,0,,
spell,guardian spirits,exact,src/classes/skills.c:2465,GUARDIAN SPIRITS,GUARDIAN SPIRITS,0,,
spell,guardian ward,exact,src/classes/skills.c:5086,GREATER GUARDIAN WARD | GUARDIAN WARD | LESSER GUARDIAN WARD,GUARDIAN WARD,0,,
spell,hammer,exact,src/classes/skills.c:3198,GIRILALS GRANITE HAMMER | Hammer | Hammer Mastery,Hammer,0,,
spell,hand of death,exact,src/classes/skills.c:1788,Hand of Death,Hand of Death,0,,
spell,harm,exact,src/classes/skills.c:1294,Charm Animal | CHARM PERSON | Dharma | Disharmonist | Full Harm | Harm | Harmonic resonance | MASS CHARM | Masscharm | Song of Charming | Song of Harming | Song of harmony,Harm,0,,
spell,harmonic resonance,exact,src/classes/skills.c:1406,Harmonic resonance,Harmonic resonance,0,,
spell,haste,exact,src/classes/skills.c:2163,GROUP HASTE | Haste | Haste-eq,Haste,0,,
spell,hawkvision,exact,src/classes/skills.c:2792,Hawkvision,Hawkvision,0,,
spell,heal,exact,src/classes/skills.c:1661,Accelerated healing | Aura of Improved Healing | Full heal | Greater Heal Undead | Group heal | Heal | Heal room | Heal Undead | Healer | Healing | Healing Blade | Healing Mastery | Healing salve | Improved Heal | Lend Health | Mass Heal | Song of healing,Heal,0,,
spell,heal undead,exact,src/classes/skills.c:4227,Greater Heal Undead | Heal Undead,Heal Undead,0,,
spell,healing salve,exact,src/classes/skills.c:488,Healing salve,Healing salve,0,,
spell,hellfire,exact,src/classes/skills.c:2089,Hellfire,Hellfire,0,,
spell,holy aura,exact,src/classes/skills.c:2670,Holy aura,Holy aura,0,,
spell,holy blade,exact,src/classes/skills.c:3450,HOLY BLADE,HOLY BLADE,0,,
spell,holy intercession,exact,src/classes/skills.c:5113,HOLY INTERCESSION,HOLY INTERCESSION,0,,
spell,holy light,exact,src/classes/skills.c:1438,HOLY LIGHT,HOLY LIGHT,0,,
spell,holy sacrifice,exact,src/classes/skills.c:2679,Holy Sacrifice,Holy Sacrifice,0,,
spell,holy sword,exact,src/classes/skills.c:3454,HOLY SWORD,HOLY SWORD,0,,
spell,holy word,exact,src/classes/skills.c:2518,Holy Word | UNHOLY WORD,Holy Word,0,,
spell,horrid wilting,exact,src/classes/skills.c:2528,HORRID WILTING,HORRID WILTING,0,,
spell,hurricane,exact,src/classes/skills.c:689,Hurricane,Hurricane,0,,
spell,iagi,exact,src/classes/skills.c:2383,IAGI,IAGI,0,,
spell,ice missile,exact,src/classes/skills.c:2856,Ice Missile,Ice Missile,0,,
spell,ice spikes,exact,src/classes/skills.c:3316,ICE SPIKES,ICE SPIKES,0,,
spell,ice storm,exact,src/classes/skills.c:2436,Ice Storm,Ice Storm,0,,
spell,iceflow armor,exact,src/classes/skills.c:3341,ICEFLOW ARMOR,ICEFLOW ARMOR,0,,
spell,icha,exact,src/classes/skills.c:2397,ICHA,ICHA,0,,
spell,icon,exact,src/classes/skills.c:2387,ICON,ICON,0,,
spell,identify,exact,src/classes/skills.c:2400,Identify,Identify,0,,
spell,idex,exact,src/classes/skills.c:2385,IDEX,IDEX,0,,
spell,igneus vitae,exact,src/classes/skills.c:5020,IGNEUS VITAE,IGNEUS VITAE,0,,
spell,iint,exact,src/classes/skills.c:2393,IINT,IINT,0,,
spell,ileshs smashing fury,exact,src/classes/skills.c:3111,ILESHS SMASHING FURY,ILESHS SMASHING FURY,0,,
spell,ilienzes flaming sword,exact,src/classes/skills.c:3096,Ilienzes flaming sword,Ilienzes flaming sword,0,,
spell,illusionary wall,exact,src/classes/skills.c:3154,Illusionary Wall,Illusionary Wall,0,,
spell,iluck,exact,src/classes/skills.c:2389,ILUCK,ILUCK,0,,
spell,immolate,exact,src/classes/skills.c:2134,ACIDIMMOLATE | Immolate,Immolate,0,,
spell,implosion,exact,src/classes/skills.c:409,IMPLOSION | KOSTCHTCHIES CHILLING IMPLOSION,IMPLOSION,0,,
spell,imprisonment,exact,src/classes/skills.c:3215,Imprisonment,Imprisonment,0,,
spell,incendiary cloud,exact,src/classes/skills.c:2432,Incendiary Cloud,Incendiary Cloud,0,,
spell,indomitability,exact,src/classes/skills.c:2926,Indomitability,Indomitability,0,,
spell,induce tupor,exact,src/classes/skills.c:3354,Induce Tupor,Induce Tupor,0,,
spell,inertial barrier,exact,src/classes/skills.c:949,Inertial Barrier,Inertial Barrier,0,,
spell,infernal fury,exact,src/classes/skills.c:4976,INFERNAL FURY,INFERNAL FURY,0,,
spell,inflict pain,exact,src/classes/skills.c:957,Inflict pain,Inflict pain,0,,
spell,infravision,exact,src/classes/skills.c:1396,Infravision,Infravision,0,,
spell,insects,exact,src/classes/skills.c:3150,Insects | SUMMON INSECTS,Insects,0,,
spell,intellect fortress,exact,src/classes/skills.c:962,Intellect Fortress,Intellect Fortress,0,,
spell,invigorate,exact,src/classes/skills.c:1524,INVIGORATE,INVIGORATE,0,,
spell,invisibility,exact,src/classes/skills.c:1851,Detect Invisibility | Improved Invisibility | Invisibility | Mass Invisibility,Invisibility,0,,
spell,invoke negative energy,exact,src/classes/skills.c:1628,Invoke Negative Energy,Invoke Negative Energy,0,,
spell,ipow,exact,src/classes/skills.c:2391,IPOW,IPOW,0,,
spell,ironwood,exact,src/classes/skills.c:1985,IRONWOOD,IRONWOOD,0,,
spell,istr,exact,src/classes/skills.c:2381,ISTR,ISTR,0,,
spell,item lore,exact,src/classes/skills.c:2406,ITEM LORE,ITEM LORE,0,,
spell,iwis,exact,src/classes/skills.c:2395,IWIS,IWIS,0,,
spell,judgement,exact,src/classes/skills.c:383,Judgement,Judgement,0,,
spell,judicium fidei,exact,src/classes/skills.c:5015,JUDICIUM FIDEI,JUDICIUM FIDEI,0,,
spell,kanchelsis fury,exact,src/classes/skills.c:3088,Kanchelsis Fury,Kanchelsis Fury,0,,
spell,knock,exact,src/classes/skills.c:1819,KNOCK,KNOCK,0,,
spell,kostchtchies chilling implosion,exact,src/classes/skills.c:3117,KOSTCHTCHIES CHILLING IMPLOSION,KOSTCHTCHIES CHILLING IMPLOSION,0,,
spell,lancea cineralae,exact,src/classes/skills.c:4996,LANCEA CINERALAE,LANCEA CINERALAE,0,,
spell,learning,exact,src/classes/skills.c:586,LEARNING,LEARNING,0,,
spell,lend health,exact,src/classes/skills.c:968,Lend Health,Lend Health,0,,
spell,lesser guardian ward,exact,src/classes/skills.c:5081,LESSER GUARDIAN WARD,LESSER GUARDIAN WARD,0,,
spell,lesser mending,exact,src/classes/skills.c:2955,Lesser Mending,Lesser Mending,0,,
spell,lesser resurrect,exact,src/classes/skills.c:1778,Lesser resurrect,Lesser resurrect,0,,
spell,lesser sanctuary,exact,src/classes/skills.c:302,Lesser Sanctuary,Lesser Sanctuary,0,,
spell,levitate,exact,src/classes/skills.c:2353,Levitate,Levitate,0,,
spell,life bolt,exact,src/classes/skills.c:1612,LIFE BOLT,LIFE BOLT,0,,
spell,life leech,exact,src/classes/skills.c:1114,LIFE LEECH,LIFE LEECH,0,,
spell,life ward,exact,src/classes/skills.c:2588,Life Ward,Life Ward,0,,
spell,lifelust,exact,src/classes/skills.c:1824,LIFELUST,LIFELUST,0,,
spell,lightning bolt,exact,src/classes/skills.c:1077,Lightning Bolt,Lightning Bolt,0,,
spell,lightning curtain,exact,src/classes/skills.c:2615,Lightning Curtain,Lightning Curtain,0,,
spell,lightning ring,exact,src/classes/skills.c:1158,Lightning Ring,Lightning Ring,0,,
spell,lightning shield,exact,src/classes/skills.c:3133,LIGHTNING SHIELD,LIGHTNING SHIELD,0,,
spell,lionrage,exact,src/classes/skills.c:2808,Lionrage,Lionrage,0,,
spell,living stone,exact,src/classes/skills.c:1128,GREATER LIVING STONE | LIVING STONE | Potion of Greater Living Stone | Potion of Living Stone,LIVING STONE,0,,
spell,lliendils stormshock,exact,src/classes/skills.c:3123,LLIENDILS STORMSHOCK,LLIENDILS STORMSHOCK,0,,
spell,lodestone vision,exact,src/classes/skills.c:2159,Lodestone vision,Lodestone vision,0,,
spell,mage flame,exact,src/classes/skills.c:1432,Mage Flame,Mage Flame,0,,
spell,magic missile,exact,src/classes/skills.c:1027,Magic missile,Magic missile,0,,
spell,magma burst,exact,src/classes/skills.c:263,Magma burst,Magma burst,0,,
spell,major paralysis,exact,src/classes/skills.c:2204,Major Paralysis,Major Paralysis,0,,
spell,malison,exact,src/classes/skills.c:2978,Malison,Malison,0,,
spell,mask,exact,src/classes/skills.c:3174,Mask,Mask,0,,
spell,mass barkskin,exact,src/classes/skills.c:4273,Mass Barkskin,Mass Barkskin,0,,
spell,mass embalm,exact,src/classes/skills.c:4158,Mass Embalm,Mass Embalm,0,,
spell,mass fly,exact,src/classes/skills.c:3369,Mass Fly,Mass Fly,0,,
spell,mass heal,exact,src/classes/skills.c:2692,Mass Heal,Mass Heal,0,,
spell,mass invisibility,exact,src/classes/skills.c:1807,Mass Invisibility,Mass Invisibility,0,,
spell,mass preserve,exact,src/classes/skills.c:1803,Mass Preserve,Mass Preserve,0,,
spell,mass purification,exact,src/classes/skills.c:5100,Mass Purification,Mass Purification,0,,
spell,memory block,exact,src/classes/skills.c:840,Memory block,Memory block,0,,
spell,mend soul,exact,src/classes/skills.c:4232,MEND SOUL,MEND SOUL,0,,
spell,mending,exact,src/classes/skills.c:2959,Greater Mending | Lesser Mending | Mending,Mending,0,,
spell,mental anguish,exact,src/classes/skills.c:830,MENTAL ANGUISH,MENTAL ANGUISH,0,,
spell,meteorswarm,exact,src/classes/skills.c:1145,Meteorswarm,Meteorswarm,0,,
spell,mielikki vitality,exact,src/classes/skills.c:1351,MIELIKKI VITALITY,MIELIKKI VITALITY,0,,
spell,mind blank,exact,src/classes/skills.c:984,MIND BLANK,MIND BLANK,0,,
spell,mind travel,exact,src/classes/skills.c:1011,MIND TRAVEL,MIND TRAVEL,0,,
spell,minor creation,exact,src/classes/skills.c:1459,Minor creation,Minor creation,0,,
spell,minor globe of invulnerability,exact,src/classes/skills.c:1379,Minor Globe of Invulnerability,Minor Globe of Invulnerability,0,,
spell,minor paralysis,exact,src/classes/skills.c:2199,Minor Paralysis,Minor Paralysis,0,,
spell,miracle,exact,src/classes/skills.c:1696,Miracle,Miracle,0,,
spell,mirage,exact,src/classes/skills.c:571,MIRAGE,MIRAGE,0,,
spell,mirror image,exact,src/classes/skills.c:2224,Mirror Image,Mirror Image,0,,
spell,molecular agitation,exact,src/classes/skills.c:798,Molecular Agitation,Molecular Agitation,0,,
spell,molecular control,exact,src/classes/skills.c:792,Molecular Control,Molecular Control,0,,
spell,molevision,exact,src/classes/skills.c:2768,Molevision,Molevision,0,,
spell,molten spray,exact,src/classes/skills.c:2888,Molten spray,Molten spray,0,,
spell,moonstone,exact,src/classes/skills.c:4294,Moonstone,Moonstone,0,,
spell,moonwell,exact,src/classes/skills.c:4285,Moonwell,Moonwell,0,,
spell,mordenkainens lucubration,exact,src/classes/skills.c:1180,MORDENKAINENS LUCUBRATION,MORDENKAINENS LUCUBRATION,0,,
spell,mousestrength,exact,src/classes/skills.c:2778,Mousestrength,Mousestrength,0,,
spell,napalm,exact,src/classes/skills.c:4310,NAPALM | Potion of Napalm,NAPALM,0,,
spell,natures blessing,exact,src/classes/skills.c:2728,Natures Blessing,Natures Blessing,0,,
spell,natures calling,exact,src/classes/skills.c:509,Natures calling,Natures calling,0,,
spell,natures touch,exact,src/classes/skills.c:1666,Natures Touch,Natures Touch,0,,
spell,negative concussion blast,exact,src/classes/skills.c:610,Negative Concussion Blast,Negative Concussion Blast,0,,
spell,negative energy barrier,exact,src/classes/skills.c:1770,Negative Energy Barrier,Negative Energy Barrier,0,,
spell,negative feedback barrier,exact,src/classes/skills.c:3345,NEGATIVE FEEDBACK BARRIER,NEGATIVE FEEDBACK BARRIER,0,,
spell,nether gate,exact,src/classes/skills.c:1762,Nether Gate,Nether Gate,0,,
spell,nether touch,exact,src/classes/skills.c:1562,Nether Touch,Nether Touch,0,,
spell,nightmare,exact,src/classes/skills.c:3182,Nightmare,Nightmare,0,,
spell,nitrogen,exact,src/classes/skills.c:4322,NITROGEN | Potion of Nitrogen,NITROGEN,0,,
spell,nivards wicked firebrand,exact,src/classes/skills.c:3056,NIVARDS WICKED FIREBRAND,NIVARDS WICKED FIREBRAND,0,,
spell,nonexistence,exact,src/classes/skills.c:3219,Nonexistence,Nonexistence,0,,
spell,nova,exact,src/classes/skills.c:1411,Nova | Supernova,Nova,0,,
spell,obscuring mist,exact,src/classes/skills.c:545,Obscuring Mist,Obscuring Mist,0,,
spell,obtenebration,exact,src/classes/skills.c:430,OBTENEBRATION,OBTENEBRATION,0,,
spell,pactum serpentis,exact,src/classes/skills.c:5038,PACTUM SERPENTIS,PACTUM SERPENTIS,0,,
spell,pantherspeed,exact,src/classes/skills.c:2773,Pantherspeed,Pantherspeed,0,,
spell,pass without trace,exact,src/classes/skills.c:2079,Pass without trace,Pass without trace,0,,
spell,path of frost,exact,src/classes/skills.c:3372,Path of frost,Path of frost,0,,
spell,phantom armor,exact,src/classes/skills.c:3142,Phantom armor,Phantom armor,0,,
spell,plague,exact,src/classes/skills.c:492,Plague,Plague,0,,
spell,plane shift,exact,src/classes/skills.c:1749,Plane shift,Plane shift,0,,
spell,planetary alignment,exact,src/classes/skills.c:3399,Planetary alignment,Planetary alignment,0,,
spell,pleasantry,exact,src/classes/skills.c:577,PLEASANTRY,PLEASANTRY,0,,
spell,poison,exact,src/classes/skills.c:1872,Apply Poison | MIXPOISON | Poison | Remove Poison | Slow Poison,Poison,0,,
spell,polar vortex,exact,src/classes/skills.c:3418,POLAR VORTEX,POLAR VORTEX,0,,
spell,power word blind,exact,src/classes/skills.c:2498,Power Word Blind,Power Word Blind,0,,
spell,power word kill,exact,src/classes/skills.c:2492,Power word kill,Power word kill,0,,
spell,power word stun,exact,src/classes/skills.c:2502,Power word stun,Power word stun,0,,
spell,prayer,exact,src/classes/skills.c:314,PRAYER,PRAYER,0,,
spell,preserve,exact,src/classes/skills.c:1796,Mass Preserve | Preserve,Preserve,0,,
spell,prismatic cube,exact,src/classes/skills.c:2150,Prismatic cube,Prismatic cube,0,,
spell,prismatic ray,exact,src/classes/skills.c:2444,Prismatic Ray,Prismatic Ray,0,,
spell,prismatic spray,exact,src/classes/skills.c:2410,Prismatic Spray,Prismatic Spray,0,,
spell,protect soul,exact,src/classes/skills.c:4212,PROTECT SOUL,PROTECT SOUL,0,,
spell,protect undead,exact,src/classes/skills.c:4208,Protect Undead,Protect Undead,0,,
spell,protection from acid,exact,src/classes/skills.c:2341,Protection From Acid,Protection From Acid,0,,
spell,protection from animals,exact,src/classes/skills.c:2324,Protection from animals,Protection from animals,0,,
spell,protection from cold,exact,src/classes/skills.c:2308,Protection From Cold,Protection From Cold,0,,
spell,protection from evil,exact,src/classes/skills.c:1880,Protection From Evil,Protection From Evil,0,,
spell,protection from fire,exact,src/classes/skills.c:2301,Protection From Fire,Protection From Fire,0,,
spell,protection from gas,exact,src/classes/skills.c:2335,Protection From Gas,Protection From Gas,0,,
spell,protection from good,exact,src/classes/skills.c:1889,Protection From Good,Protection From Good,0,,
spell,protection from lightning,exact,src/classes/skills.c:2347,Protection From Lightning,Protection From Lightning,0,,
spell,protection from living,exact,src/classes/skills.c:2317,Protection from Living,Protection from Living,0,,
spell,protection from undead,exact,src/classes/skills.c:4216,Protection From Undead,Protection From Undead,0,,
spell,psionic cloud,exact,src/classes/skills.c:890,Psionic Cloud,Psionic Cloud,0,,
spell,psionic wave blast,exact,src/classes/skills.c:904,PSIONIC WAVE BLAST,PSIONIC WAVE BLAST,0,,
spell,psychic crush,exact,src/classes/skills.c:988,Psychic crush,Psychic crush,0,,
spell,pulchritude,exact,src/classes/skills.c:1469,Pulchritude,Pulchritude,0,,
spell,purge,exact,src/classes/skills.c:3325,"AFFECTPURGE | CHI PURGE | GOD, PURGE | Godpurge | Purge | PURGE (IMMORTAL) | Purge Living",Purge,0,,
spell,purge living,exact,src/classes/skills.c:1632,Purge Living,Purge Living,0,,
spell,purify spirit,exact,src/classes/skills.c:2950,Purify Spirit,Purify Spirit,0,,
spell,pyrokinesis,exact,src/classes/skills.c:993,Pyrokinesis,Pyrokinesis,0,,
spell,pythonsting,exact,src/classes/skills.c:2759,Greater Pythonsting | Pythonsting,Pythonsting,0,,
spell,radial navigation,exact,src/classes/skills.c:788,RADIAL NAVIGATION,RADIAL NAVIGATION,0,,
spell,raise lich,exact,src/classes/skills.c:1914,Raise Lich,Raise Lich,0,,
spell,raise shadow,exact,src/classes/skills.c:533,Raise shadow,Raise shadow,0,,
spell,raise spectre,exact,src/classes/skills.c:1902,Raise Spectre,Raise Spectre,0,,
spell,raise vampire,exact,src/classes/skills.c:1910,Raise Vampire,Raise Vampire,0,,
spell,raise wraith,exact,src/classes/skills.c:1906,Raise Wraith,Raise Wraith,0,,
spell,ravenflight,exact,src/classes/skills.c:2818,Greater Ravenflight | Ravenflight,Ravenflight,0,,
spell,ray of enfeeblement,exact,src/classes/skills.c:1237,Ray of Enfeeblement,Ray of Enfeeblement,0,,
spell,razor wind,exact,src/classes/skills.c:3433,RAZOR WIND,RAZOR WIND,0,,
spell,recharger,exact,src/classes/skills.c:1588,RECHARGER,RECHARGER,0,,
spell,reduce,exact,src/classes/skills.c:2742,Reduce,Reduce,0,,
spell,reflection,exact,src/classes/skills.c:3170,Reflection,Reflection,0,,
spell,regeneration,exact,src/classes/skills.c:630,Regeneration,Regeneration,0,,
spell,rejuvenate major,exact,src/classes/skills.c:1220,Rejuvenate Major,Rejuvenate Major,0,,
spell,rejuvenate minor,exact,src/classes/skills.c:1231,Rejuvenate minor,Rejuvenate minor,0,,
spell,relocate,exact,src/classes/skills.c:1201,Relocate,Relocate,0,,
spell,remove curse,exact,src/classes/skills.c:1977,Remove Curse,Remove Curse,0,,
spell,remove poison,exact,src/classes/skills.c:2192,Remove Poison,Remove Poison,0,,
spell,repair one item,exact,src/classes/skills.c:259,REPAIR ONE ITEM,REPAIR ONE ITEM,0,,
spell,rested,exact,src/classes/skills.c:4282,RESTED,RESTED,0,,
spell,restoration,exact,src/classes/skills.c:3060,RESTORATION,RESTORATION,0,,
spell,restore spirit,exact,src/classes/skills.c:1104,RESTORE SPIRIT,RESTORE SPIRIT,0,,
spell,resurrect,exact,src/classes/skills.c:1783,Lesser resurrect | Resurrect | Resurrection,Resurrect,0,,
spell,return soul,exact,src/classes/skills.c:1839,RETURN SOUL,RETURN SOUL,0,,
spell,reveal spirit essence,exact,src/classes/skills.c:2945,Reveal Spirit Essence,Reveal Spirit Essence,0,,
spell,reveal true form,exact,src/classes/skills.c:3016,Reveal True Form,Reveal True Form,0,,
spell,reveal true name,exact,src/classes/skills.c:2371,Reveal true name,Reveal true name,0,,
spell,righteous aura,exact,src/classes/skills.c:1966,Righteous aura,Righteous aura,0,,
spell,ritus draconum,exact,src/classes/skills.c:5043,RITUS DRACONUM,RITUS DRACONUM,0,,
spell,rope trick,exact,src/classes/skills.c:2738,Rope Trick,Rope Trick,0,,
spell,sanctuary,exact,src/classes/skills.c:2085,Lesser Sanctuary | SANCTUARY,SANCTUARY,0,,
spell,sanctum draconis,exact,src/classes/skills.c:5029,SANCTUM DRACONIS,SANCTUM DRACONIS,0,,
spell,sandstorm,exact,src/classes/skills.c:1414,SANDSTORM,SANDSTORM,0,,
spell,sanguinis ignis,exact,src/classes/skills.c:5024,SANGUINIS IGNIS,SANGUINIS IGNIS,0,,
spell,sap nature,exact,src/classes/skills.c:721,SAP NATURE,SAP NATURE,0,,
spell,scalding blast,exact,src/classes/skills.c:2868,Scalding Blast,Scalding Blast,0,,
spell,scathing wind,exact,src/classes/skills.c:2911,Scathing Wind,Scathing Wind,0,,
spell,scent of the bloodhound,exact,src/classes/skills.c:2713,Scent of the Bloodhound,Scent of the Bloodhound,0,,
spell,scorching touch,exact,src/classes/skills.c:2883,Scorching Touch,Scorching Touch,0,,
spell,self comprehension,exact,src/classes/skills.c:2622,SELF COMPREHENSION,SELF COMPREHENSION,0,,
spell,sense follower,exact,src/classes/skills.c:2242,Sense Follower,Sense Follower,0,,
spell,sense holiness,exact,src/classes/skills.c:1766,Sense Holiness,Sense Holiness,0,,
spell,sense life,exact,src/classes/skills.c:2251,Sense life,Sense life,0,,
spell,sense spirit,exact,src/classes/skills.c:2973,Sense Spirit,Sense Spirit,0,,
spell,serendipity,exact,src/classes/skills.c:1455,Serendipity,Serendipity,0,,
spell,shadow gate,exact,src/classes/skills.c:4289,Shadow Gate,Shadow Gate,0,,
spell,shadow merging,exact,src/classes/skills.c:555,Shadow Merging,Shadow Merging,0,,
spell,shadow monster,exact,src/classes/skills.c:3146,Shadow Monster,Shadow Monster,0,,
spell,shadow projection,exact,src/classes/skills.c:424,SHADOW PROJECTION,SHADOW PROJECTION,0,,
spell,shadow shield,exact,src/classes/skills.c:3187,Shadow shield,Shadow shield,0,,
spell,shadow spawn,exact,src/classes/skills.c:563,Shadow Spawn,Shadow Spawn,0,,
spell,shadow travel,exact,src/classes/skills.c:3162,Shadow Travel,Shadow Travel,0,,
spell,shadow vision,exact,src/classes/skills.c:2701,Shadow Vision,Shadow Vision,0,,
spell,shambler,exact,src/classes/skills.c:2217,SHAMBLER,SHAMBLER,0,,
spell,shatter,exact,src/classes/skills.c:745,Arieks Shattering Iceball | Shatter,Shatter,0,,
spell,shocking grasp,exact,src/classes/skills.c:1064,Shocking Grasp,Shocking Grasp,0,,
spell,shrewtameness,exact,src/classes/skills.c:2802,Shrewtameness,Shrewtameness,0,,
spell,sigillum negati,exact,src/classes/skills.c:5051,SIGILLUM NEGATI,SIGILLUM NEGATI,0,,
spell,silence,exact,src/classes/skills.c:2554,"GOD, SILENCE | Godsilence | Silence | SILENCE (IMMORTAL)",Silence,0,,
spell,simulacrum anguis,exact,src/classes/skills.c:5000,SIMULACRUM ANGUIS,SIMULACRUM ANGUIS,0,,
spell,sirens song,exact,src/classes/skills.c:1958,Sirens Song,Sirens Song,0,,
spell,slashing darkness,exact,src/classes/skills.c:1897,SLASHING DARKNESS,SLASHING DARKNESS,0,,
spell,sleep,exact,src/classes/skills.c:2003,Sleep | Song of Sleep,Sleep,0,,
spell,slow poison,exact,src/classes/skills.c:2646,Slow Poison,Slow Poison,0,,
spell,slowness,exact,src/classes/skills.c:2208,Potion of Slowness | Slowness,Slowness,0,,
spell,snailspeed,exact,src/classes/skills.c:2763,Snailspeed,Snailspeed,0,,
spell,solar flare,exact,src/classes/skills.c:268,Solar Flare,Solar Flare,0,,
spell,solbeeps missile barrage,exact,src/classes/skills.c:1171,Solbeeps Missile Barrage,Solbeeps Missile Barrage,0,,
spell,soul disturbance,exact,src/classes/skills.c:2963,Greater soul disturbance | Soul disturbance,Soul disturbance,0,,
spell,soulshield,exact,src/classes/skills.c:2664,Soulshield,Soulshield,0,,
spell,spawn,exact,src/classes/skills.c:352,Hellspawn | Shadow Spawn | Spawn,Spawn,0,,
spell,spike growth,exact,src/classes/skills.c:685,SPIKE GROWTH,SPIKE GROWTH,0,,
spell,spinal corruption,exact,src/classes/skills.c:803,SPINAL CORRUPTION,SPINAL CORRUPTION,0,,
spell,spirit anguish,exact,src/classes/skills.c:2991,Greater Spirit Anguish | SPIRIT ANGUISH,SPIRIT ANGUISH,0,,
spell,spirit armor,exact,src/classes/skills.c:2932,SPIRIT ARMOR,SPIRIT ARMOR,0,,
spell,spirit jump,exact,src/classes/skills.c:3020,SPIRIT JUMP,SPIRIT JUMP,0,,
spell,spirit sight,exact,src/classes/skills.c:2968,Greater Spirit Sight | SPIRIT SIGHT,SPIRIT SIGHT,0,,
spell,spirit walk,exact,src/classes/skills.c:3037,SPIRIT WALK,SPIRIT WALK,0,,
spell,spirit ward,exact,src/classes/skills.c:3007,Greater Spirit Ward | SPIRIT WARD,SPIRIT WARD,0,,
spell,spore burst,exact,src/classes/skills.c:1418,SPORE BURST,SPORE BURST,0,,
spell,spore cloud,exact,src/classes/skills.c:1422,SPORE CLOUD,SPORE CLOUD,0,,
spell,squall,exact,src/classes/skills.c:3408,SQUALL,SQUALL,0,,
spell,static discharge,exact,src/classes/skills.c:3378,STATIC DISCHARGE,STATIC DISCHARGE,0,,
spell,sticks to snakes,exact,src/classes/skills.c:1675,STICKS TO SNAKES,STICKS TO SNAKES,0,,
spell,stigmata draconica,exact,src/classes/skills.c:5004,STIGMATA DRACONICA,STIGMATA DRACONICA,0,,
spell,stone skin,exact,src/classes/skills.c:1991,Group Stone Skin | STONE SKIN,STONE SKIN,0,,
spell,storm empathy,exact,src/classes/skills.c:3365,STORM EMPATHY,STORM EMPATHY,0,,
spell,storm shield,exact,src/classes/skills.c:694,STORM SHIELD,STORM SHIELD,0,,
spell,stormcallers fury,exact,src/classes/skills.c:3128,STORMCALLERS FURY,STORMCALLERS FURY,0,,
spell,stornogs metamagic shroud,exact,src/classes/skills.c:2096,STORNOGS METAMAGIC SHROUD,STORNOGS METAMAGIC SHROUD,0,,
spell,stornogs shimmering starshell,exact,src/classes/skills.c:2102,STORNOGS SHIMMERING STARSHELL,STORNOGS SHIMMERING STARSHELL,0,,
spell,stornogs spheres,exact,src/classes/skills.c:2107,Group stornogs spheres | STORNOGS SPHERES,STORNOGS SPHERES,0,,
spell,strength,exact,src/classes/skills.c:2037,"Bear Strength | BEARSTRENGTH | Elephant Strength | ELEPHANTSTRENGTH | Enhance Strength | EPIC STRENGTH | Mousestrength | SPELL, STRENGTH | STRENGTH | UNHOLY STRENGTH",STRENGTH,0,,
spell,strong acid,exact,src/classes/skills.c:4313,Potion of Strong Acid | STRONG ACID,STRONG ACID,0,,
spell,stunning visions,exact,src/classes/skills.c:3166,STUNNING VISIONS,STUNNING VISIONS,0,,
spell,summon,exact,src/classes/skills.c:2059,Greater summon beast | SKILL_SUMMONER | SUMMON | SUMMON BEAST | SUMMON BLIZZARD | SUMMON BOOK | SUMMON FAMILIAR | SUMMON GHASTS | SUMMON HORDE | SUMMON INSECTS | SUMMON MOUNT | SUMMON SPIRIT | Summoner | Summoner Skills,SUMMON,0,,
spell,summon beast,exact,src/classes/skills.c:2784,Greater summon beast | SUMMON BEAST,SUMMON BEAST,0,,
spell,summon ghasts,exact,src/classes/skills.c:4965,SUMMON GHASTS,SUMMON GHASTS,0,,
spell,summon insects,exact,src/classes/skills.c:2285,SUMMON INSECTS,SUMMON INSECTS,0,,
spell,summon spirit,exact,src/classes/skills.c:3064,SUMMON SPIRIT,SUMMON SPIRIT,0,,
spell,sunray,exact,src/classes/skills.c:2524,SUNRAY,SUNRAY,0,,
spell,supernova,exact,src/classes/skills.c:3383,Supernova,Supernova,0,,
spell,suppress sound,exact,src/classes/skills.c:551,SUPPRESS SOUND,SUPPRESS SOUND,0,,
spell,sustenance,exact,src/classes/skills.c:2941,GREATER SUSTENANCE | SUSTENANCE,SUSTENANCE,0,,
spell,taint,exact,src/classes/skills.c:1316,TAINT | TAINTED BLADE,TAINT,0,,
spell,teleport,exact,src/classes/skills.c:1339,"GOD, TELEPORT | Godteleport | GROUP TELEPORT | TELEPORT | TELEPORT (IMMORTAL)",TELEPORT,0,,
spell,tempest terrain,exact,src/classes/skills.c:3359,TEMPEST TERRAIN,TEMPEST TERRAIN,0,,
spell,thornskin,exact,src/classes/skills.c:4260,THORNSKIN,THORNSKIN,0,,
spell,thought beacon,exact,src/classes/skills.c:784,THOUGHT BEACON,THOUGHT BEACON,0,,
spell,thryms icerazor,exact,src/classes/skills.c:3101,THRYMS ICERAZOR,THRYMS ICERAZOR,0,,
spell,titan,exact,src/classes/skills.c:3228,CALL TITAN | TITAN,TITAN,0,,
spell,tormenting spirits,exact,src/classes/skills.c:2921,TORMENTING SPIRITS,TORMENTING SPIRITS,0,,
spell,tower of iron will,exact,src/classes/skills.c:1015,TOWER OF IRON WILL,TOWER OF IRON WILL,0,,
spell,toxic fog,exact,src/classes/skills.c:1954,TOXIC FOG,TOXIC FOG,0,,
spell,tranquility,exact,src/classes/skills.c:2033,TRANQUILITY,TRANQUILITY,0,,
spell,transfer wellness,exact,src/classes/skills.c:2937,TRANSFER WELLNESS,TRANSFER WELLNESS,0,,
spell,transmute air to water,exact,src/classes/skills.c:665,TRANSMUTE AIR TO WATER,TRANSMUTE AIR TO WATER,0,,
spell,transmute lava to rock,exact,src/classes/skills.c:673,TRANSMUTE LAVA TO ROCK,TRANSMUTE LAVA TO ROCK,0,,
spell,transmute mud to rock,exact,src/classes/skills.c:648,TRANSMUTE MUD TO ROCK,TRANSMUTE MUD TO ROCK,0,,
spell,transmute mud to water,exact,src/classes/skills.c:653,TRANSMUTE MUD TO WATER,TRANSMUTE MUD TO WATER,0,,
spell,transmute rock to lava,exact,src/classes/skills.c:669,Transmute rock to lava,Transmute rock to lava,0,,
spell,transmute rock to mud,exact,src/classes/skills.c:643,TRANSMUTE ROCK TO MUD,TRANSMUTE ROCK TO MUD,0,,
spell,transmute water to air,exact,src/classes/skills.c:661,TRANSMUTE WATER TO AIR,TRANSMUTE WATER TO AIR,0,,
spell,transmute water to mud,exact,src/classes/skills.c:657,TRANSMUTE WATER TO MUD,TRANSMUTE WATER TO MUD,0,,
spell,tree,exact,src/classes/skills.c:2718,TREE,TREE,0,,
spell,true seeing,exact,src/classes/skills.c:2696,TRUE SEEING,TRUE SEEING,0,,
spell,turn undead,exact,src/classes/skills.c:2560,TURN UNDEAD,TURN UNDEAD,0,,
spell,undeath to death,exact,src/classes/skills.c:625,UNDEATH TO DEATH,UNDEATH TO DEATH,0,,
spell,unholy wind,exact,src/classes/skills.c:1623,UNHOLY WIND,UNHOLY WIND,0,,
spell,unholy word,exact,src/classes/skills.c:2507,UNHOLY WORD,UNHOLY WORD,0,,
spell,unmaking,exact,src/classes/skills.c:1828,UNMAKING,UNMAKING,0,,
spell,vampiric touch,exact,src/classes/skills.c:4202,VAMPIRIC TOUCH,VAMPIRIC TOUCH,0,,
spell,vampiric trance,exact,src/classes/skills.c:4168,VAMPIRIC TRANCE,VAMPIRIC TRANCE,0,,
spell,vanish,exact,src/classes/skills.c:3194,VANISH,VANISH,0,,
spell,vapor armor,exact,src/classes/skills.c:3247,VAPOR ARMOR,VAPOR ARMOR,0,,
spell,vapor strike,exact,src/classes/skills.c:3271,VAPOR STRIKE,VAPOR STRIKE,0,,
spell,vigorize critic,exact,src/classes/skills.c:1531,VIGORIZE CRITIC,VIGORIZE CRITIC,0,,
spell,vigorize light,exact,src/classes/skills.c:1487,VIGORIZE LIGHT,VIGORIZE LIGHT,0,,
spell,vigorize serious,exact,src/classes/skills.c:1516,VIGORIZE SERIOUS,VIGORIZE SERIOUS,0,,
spell,vines,exact,src/classes/skills.c:677,VINES,VINES,0,,
spell,virtue,exact,src/classes/skills.c:737,VIRTUE,VIRTUE,0,,
spell,vital intercession,exact,src/classes/skills.c:5108,VITAL INTERCESSION,VITAL INTERCESSION,0,,
spell,vitality,exact,src/classes/skills.c:1692,Eshabalas Vitality | FALUZURES VITALITY | MIELIKKI VITALITY | VITALITY,VITALITY,0,,
spell,vitalize mana,exact,src/classes/skills.c:2239,Vitalize Mana,Vitalize Mana,0,,
spell,vitalize soul,exact,src/classes/skills.c:1688,VITALIZE SOUL,VITALIZE SOUL,0,,
spell,vitalize undead,exact,src/classes/skills.c:1683,VITALIZE UNDEAD,VITALIZE UNDEAD,0,,
spell,vivernae concordia,exact,src/classes/skills.c:5034,VIVERNAE CONCORDIA,VIVERNAE CONCORDIA,0,,
spell,voice of creation,exact,src/classes/skills.c:2514,VOICE OF CREATION,VOICE OF CREATION,0,,
spell,vortex of fear,exact,src/classes/skills.c:1962,VORTEX OF FEAR,VORTEX OF FEAR,0,,
spell,wall of air,exact,src/classes/skills.c:3320,WALL OF AIR,WALL OF AIR,0,,
spell,wall of bones,exact,src/classes/skills.c:2609,WALL OF BONES,WALL OF BONES,0,,
spell,wall of flames,exact,src/classes/skills.c:2575,WALL OF FLAMES,WALL OF FLAMES,0,,
spell,wall of force,exact,src/classes/skills.c:2600,WALL OF FORCE,WALL OF FORCE,0,,
spell,wall of ice,exact,src/classes/skills.c:2581,WALL OF ICE,WALL OF ICE,0,,
spell,wall of iron,exact,src/classes/skills.c:2595,WALL OF IRON,WALL OF IRON,0,,
spell,wall of stone,exact,src/classes/skills.c:2591,WALL OF STONE,WALL OF STONE,0,,
spell,wandering woods,exact,src/classes/skills.c:1502,WANDERING WOODS,WANDERING WOODS,0,,
spell,warring zeal,exact,src/classes/skills.c:5117,WARRING ZEAL,WARRING ZEAL,0,,
spell,watching wall,exact,src/classes/skills.c:3178,WATCHING WALL,WATCHING WALL,0,,
spell,water breathing,exact,src/classes/skills.c:1567,WATER BREATHING,WATER BREATHING,0,,
spell,water to life,exact,src/classes/skills.c:273,WATER TO LIFE,WATER TO LIFE,0,,
spell,waves of fatigue,exact,src/classes/skills.c:705,WAVES OF FATIGUE,WAVES OF FATIGUE,0,,
spell,way of the wind,exact,src/classes/skills.c:3437,WAY OF THE WIND,WAY OF THE WIND,0,,
spell,web,exact,src/classes/skills.c:2571,TOGGLE_WEBINFO | WEB | WEBSITE,WEB,0,,
spell,wellness,exact,src/classes/skills.c:2983,TRANSFER WELLNESS | WELLNESS,WELLNESS,0,,
spell,wind blade,exact,src/classes/skills.c:3276,WIND BLADE,WIND BLADE,0,,
spell,wind tunnel,exact,src/classes/skills.c:4190,WIND TUNNEL,WIND TUNNEL,0,,
spell,windrage,exact,src/classes/skills.c:3413,WINDRAGE,WINDRAGE,0,,
spell,windwalk,exact,src/classes/skills.c:3279,WINDWALK,WINDWALK,0,,
spell,wither,exact,src/classes/skills.c:1119,Potion of Wither | WITHER,WITHER,0,,
spell,wizard eye,exact,src/classes/skills.c:1207,WIZARD EYE,WIZARD EYE,0,,
spell,wolfspeed,exact,src/classes/skills.c:2754,WOLFSPEED,WOLFSPEED,0,,
spell,word of command,exact,src/classes/skills.c:2746,WORD OF COMMAND,WORD OF COMMAND,0,,
spell,word of recall,exact,src/classes/skills.c:2178,WORD OF RECALL,WORD OF RECALL,0,,
spell,wormhole,exact,src/classes/skills.c:779,WORMHOLE,WORMHOLE,0,,
staff_command,account,exact,src/cmd/interp.c:3067,ACCOUNT,ACCOUNT,0,,
staff_command,advance,exact,src/cmd/interp.c:2966,"ADVANCE | Advanced meditation | GOD, ADVANCE | GOD, ADVANCEMENT | Godadvance | Godadvancement | help advanced",ADVANCE,0,,
staff_command,affectpurge,exact,src/cmd/interp.c:3048,AFFECTPURGE,AFFECTPURGE,0,,
staff_command,allow,exact,src/cmd/interp.c:2967,ALLOW,ALLOW,0,,
staff_command,approve,exact,src/cmd/interp.c:2965,APPROVE,APPROVE,0,,
staff_command,asclist,exact,src/cmd/interp.c:3051,ASCLIST,ASCLIST,0,,
staff_command,at,exact,src/cmd/interp.c:2968,"Accelerated healing | ACIDIMMOLATE | Advanced meditation | AERIAL COMBAT | Airy Water | Anatomy | ANIMAE CICATRIX | Animate Dead | ANTIMATTER COLLISION | Arieks Shattering Iceball | ASPHYXIATE | Assimilate | AT | ATONEMENT | Attribute | Attributes | Aura of Battle Lust | Avatar | Ballistic Attack | Battle ecstasy | BATTLE MAGES AURA | Battle orders | Battle senses | Battle Tactics | Battle-forger | Battleaid | BATTLETIDE | Breathe | BREATHE ""INNATE BREATHE"" | Breathe frost | CALL AVATAR | CALL LIBERATOR | Channel Negative Energy | CHEAT | Combat mind | Combination attack | Communications | COMMUNICATIONS UTILITIES | CONCENTRATION | Congratulate | Conjure Greater Elemental | Conjure Water | Consecrate Land | Control Weather | Create dracolich | CREATE FOOD | Create Golem | Create greater dracolich | CREATE POND | Create Sound | Create Spring | CREATE WATER | Critical attack | Death | Death Blessing | DEATH CORPSE DYING | Death Field | Death Knight | Deathknight | Deathlord | DEATHOBJ | DESECRATE LAND | Desolate | Detonate | DETONATE ""IMPROVED DETONATE"" | DEVASTATING CRITICAL | Disintegrate | Double Attack | DRAGON BREATH | DRAIN NATURE | DREAD WRATH | Duris Information | Eat | EAT DRINK SIP TASTE | Elemental Plane of Water | Embrace Death | ENERVATION | EQRATE | EXCOGITATE | EXPEDITED RETREAT | EXPEDITIOUS RETREAT | Feign death | FLURRY ""INNATE FLURRY"" | Formations | Gate | Gate to ardgral | Gladiator | GOD, AT | GOD, CHEATING | GOD, PARTICIPATION | GOD, SETATTR | GOD, STAT | Godat | Godcheating | Godparticipation | Godsetattr | Godstat | GRAPPLER COMBAT | Great duris Week | Greater Earthen Grasp | Greater Ethereal Recharge | GREATER FLICKER | GREATER GUARDIAN WARD | Greater Heal Undead | GREATER LIVING STONE | Greater Mending | Greater Pythonsting | Greater Ravenflight | Greater soul disturbance | Greater Spirit Anguish | Greater Spirit Sight | Greater Spirit Ward | Greater summon beast | GREATER SUSTENANCE | GUILD GUILDS ASSOCIATIONS CLANS | Hand of Death | Hatred | Immolate | Improved Detonate | IMPROVED SHIELD COMBAT | Incapacitated | INFURIATE | Innate | Innate disappear | Innate horse body | INVIGORATE | Invoke Negative Energy | Levitate | Mass Purification | Meditate | Minor creation | Molecular Agitation | MORDENKAINENS LUCUBRATION | Mounted combat | Natures Blessing | Natures calling | NATURES RUIN | NATURES SANCTITY | Natures Touch | Nchat | Negative Concussion Blast | Negative Energy Barrier | Negative Energy Vortex | NEGATIVE FEEDBACK BARRIER | Nether Gate | NEW-COMBAT ""NEW COMBAT"" ""GROUP RANKS"" RANKS ""FRONT RANK"" ""BACK RANK"" | NO LOCATE NO-LOCATE TOGGLE_NOLOCATE | OBTENEBRATION | Pat | Path of frost | Patrols | Potion of Greater Living Stone | Prismatic cube | Prismatic Ray | Prismatic Spray | Quadruple Attack | RADIAL NAVIGATION | Regenerate | Regeneration | Rejuvenate Major | Rejuvenate minor | Relocate | Repeat | RESTORATION | Retreat | s_test_Desolate_part_Guides' | SAP NATURE | Scathing Wind | SCORE ATTRIBUTES | Scratch | SETATTR | Shaboath | Shadow Gate | Shatter | SHIELD COMBAT | Ship Combat | SHIP_COMBAT SHIP_BATTLE | SIGILLUM NEGATI | Song of revelation | SONG OF SNATCHING | SPATIAL FOCUS | Specialization | Specializations | SPECIALIZATIONS SPECIALIZE | SPELL PENETRATION | STATIC DISCHARGE | STATISTIC | STATS STATISTICS | STIGMATA DRACONICA | STORM EMPATHY | TERMINATE | THROAT CRUSH | TOGGLE_BATTLE ALERT | TOGGLE_NCHAT | TRANSMUTE AIR TO WATER | TRANSMUTE MUD TO WATER | TRANSMUTE WATER TO AIR | TRANSMUTE WATER TO MUD | TRIPLE ATTACK | UNDEATH TO DEATH | VENTRILOQUATE | VICIOUS ATTACK | VOICE OF CREATION | WATCHING WALL | WATER BREATHING | WATER MAGUS | WATER TO LIFE | WATERBREATH | WAVES OF FATIGUE | WEATHER",AT,0,,
staff_command,audit,missing,src/cmd/interp.c:3038,,,0,,Quit
staff_command,ban,exact,src/cmd/interp.c:2969,BAN | Bandage | Bang | Banish | Bank | Disband | EXCHANGE BANKS BALANCE DEPOSIT WITHDRAW | Greater soul disturbance | Mount Banishment Guides | Old Bandage | Soul disturbance,BAN,0,,
staff_command,cd,exact,src/cmd/interp.c:2970,CD,CD,0,,
staff_command,clone,exact,src/cmd/interp.c:2971,"CLONE | Clone form | Cyclone | GOD, CLONE | Godclone",CLONE,0,,
staff_command,deathobj,exact,src/cmd/interp.c:3047,DEATHOBJ,DEATHOBJ,0,,
staff_command,debug,exact,src/cmd/interp.c:2972,"DEBUG | GOD, DEBUG | Goddebug",DEBUG,0,,
staff_command,decline,exact,src/cmd/interp.c:2973,DECLINE,DECLINE,0,,
staff_command,demote,exact,src/cmd/interp.c:2974,"DEMOTE | GOD, DEMOTE | Goddemote",DEMOTE,0,,
staff_command,depiss,exact,src/cmd/interp.c:3049,DEPISS,DEPISS,0,,
staff_command,difficulty,missing,src/cmd/interp.c:3463,,,4,Identify | MindFlayer | Rareload | Warlock,
staff_command,echo,exact,src/cmd/interp.c:2975,"Echo | ECHO (IMMORTAL) | ECHOA | ECHOE | ECHOG | ECHOT | ECHOU | ECHOZ | GOD, ECHO | GOD, ECHOA | GOD, ECHOZ | Godecho | Godechoa | TOGGLE_ECHO",Echo,0,,
staff_command,echoa,exact,src/cmd/interp.c:2976,"ECHOA | GOD, ECHOA | Godechoa",ECHOA,0,,
staff_command,echoe,exact,src/cmd/interp.c:2978,ECHOE,ECHOE,0,,
staff_command,echog,exact,src/cmd/interp.c:2980,ECHOG,ECHOG,0,,
staff_command,echot,exact,src/cmd/interp.c:2979,ECHOT,ECHOT,0,,
staff_command,echou,exact,src/cmd/interp.c:2977,ECHOU,ECHOU,0,,
staff_command,echoz,exact,src/cmd/interp.c:2981,"ECHOZ | GOD, ECHOZ",ECHOZ,0,,
staff_command,eqrate,exact,src/cmd/interp.c:3036,EQRATE,EQRATE,0,,
staff_command,extractlink,exact,src/cmd/interp.c:3002,EXTRACTLINK,EXTRACTLINK,0,,
staff_command,finger,exact,src/cmd/interp.c:2982,"FINGER | GOD, FINGER | Godfinger",FINGER,0,,
staff_command,fly,exact,src/cmd/interp.c:3164,Fly | FLY (IMMORTAL) | Fly-eq | Mass Fly | Potion of Fly,Fly,0,,
staff_command,force,exact,src/cmd/interp.c:2983,"Dispel Lifeforce | FORCE | GOD, FORCE | Godforce | WALL OF FORCE",FORCE,0,,
staff_command,freeze,exact,src/cmd/interp.c:2984,"FREEZE | GOD, FREEZE | Godfreeze",FREEZE,0,,
staff_command,givepet,exact,src/cmd/interp.c:3060,GIVEPET,GIVEPET,0,,
staff_command,goto,exact,src/cmd/interp.c:2986,"GOD, GOTO | Godgoto | GOTO",GOTO,0,,
staff_command,grant,exact,src/cmd/interp.c:2985,"GOD, GRANT | Godgrant | Grant",Grant,0,,
staff_command,gshout,exact,src/cmd/interp.c:2987,"GOD, GSHOUT | Godgshout | GSHOUT",GSHOUT,0,,
staff_command,hlist,exact,src/cmd/interp.c:3457,HLIST,HLIST,0,,
staff_command,ingame,exact,src/cmd/interp.c:2988,"GOD, INGAME | Godingame | INGAME",INGAME,0,,
staff_command,inroom,exact,src/cmd/interp.c:2989,"GOD, INROOM | Godinroom | INROOM",INROOM,0,,
staff_command,instacast,exact,src/cmd/interp.c:3065,INSTACAST,INSTACAST,0,,
staff_command,invite,exact,src/cmd/interp.c:3052,INVITE | UNINVITE,INVITE,0,,
staff_command,knock,exact,src/cmd/interp.c:2990,KNOCK,KNOCK,0,,
staff_command,levels,exact,src/cmd/interp.c:2991,"EXPERIENCE XP EXP LEVELS | GOD, LEVELS | Godlevels | LEVELS",LEVELS,0,,
staff_command,load,exact,src/cmd/interp.c:2992,"GOD, LOAD | Godload | LOAD | Rareload | SHIP_COMMANDS DISEMBARK REPAIR RELOAD | Sload",LOAD,0,,
staff_command,lookup,exact,src/cmd/interp.c:2993,"GOD, LOOKUP | Godlookup | LOOKUP",LOOKUP,0,,
staff_command,makeexit,exact,src/cmd/interp.c:3010,MAKEEXIT,MAKEEXIT,0,,
staff_command,makeguide,exact,src/cmd/interp.c:3032,MAKEGUIDE,MAKEGUIDE,0,,
staff_command,map,exact,src/cmd/interp.c:3188,Map | MAP (IMMORTAL) | Map Objects | TOGGLE_MAP | TOGGLE_SHIP MAP,Map,0,,
staff_command,mlist,exact,src/cmd/interp.c:3459,MLIST,MLIST,0,,
staff_command,mreport,exact,src/cmd/interp.c:3088,MREPORT,MREPORT,0,,
staff_command,newbie,exact,src/cmd/interp.c:3031,Newbie | NEWBIE (IMMORTAL) | Newbie guides,Newbie,0,,
staff_command,newbsa,exact,src/cmd/interp.c:3059,NEWBSA,NEWBSA,0,,
staff_command,newbsu,exact,src/cmd/interp.c:3058,NEWBSU,NEWBSU,0,,
staff_command,newchar,exact,src/cmd/interp.c:3469,NEWCHAR,NEWCHAR,0,,
staff_command,offlinemsg,exact,src/cmd/interp.c:3064,OFFLINEMSG,OFFLINEMSG,0,,
staff_command,ok,exact,src/cmd/interp.c:3028,"GOD, LOOKUP | Godlookup | Invoke Negative Energy | Look | LOOKUP | OK | Poke | PYROKINESES | Pyrokinesis | Pyrokinetic | REVOKE | Ship looks | SHIP_LOOKS | Smoke | SUMMON BOOK",OK,0,,
staff_command,olist,exact,src/cmd/interp.c:3458,OLIST,OLIST,0,,
staff_command,page,exact,src/cmd/interp.c:3092,Main Page | PAGE | RAMPAGE,PAGE,0,,
staff_command,petition_block,exact,src/cmd/interp.c:3061,PETITION_BLOCK,PETITION_BLOCK,0,,
staff_command,pleasant,exact,src/cmd/interp.c:2994,PLEASANT | PLEASANTRY,PLEASANT,0,,
staff_command,poofin,exact,src/cmd/interp.c:2995,"GOD, POOFIN | Godpoofin | POOFIN",POOFIN,0,,
staff_command,poofout,exact,src/cmd/interp.c:2996,POOFOUT,POOFOUT,0,,
staff_command,proclib,exact,src/cmd/interp.c:3045,PROCLIB,PROCLIB,0,,
staff_command,properties,exact,src/cmd/interp.c:3043,PROPERTIES,PROPERTIES,0,,
staff_command,ptell,exact,src/cmd/interp.c:2997,"GOD, PTELL | Godptell | PTELL",PTELL,0,,
staff_command,pulse,missing,src/cmd/interp.c:3465,,,43,Barbarian | Bard | Centaur | Death Knight | Drider,Push | Pull | Puke
staff_command,punish,exact,src/cmd/interp.c:3027,PUNISH,PUNISH,0,,
staff_command,purge,exact,src/cmd/interp.c:2998,"AFFECTPURGE | CHI PURGE | GOD, PURGE | Godpurge | Purge | PURGE (IMMORTAL) | Purge Living",Purge,0,,
staff_command,questwhere,exact,src/cmd/interp.c:3063,QUESTWHERE,QUESTWHERE,0,,
staff_command,randobj,exact,src/cmd/interp.c:2999,RANDOBJ,RANDOBJ,0,,
staff_command,redis,exact,src/cmd/interp.c:3009,REDIS,REDIS,0,,
staff_command,reinitphys,exact,src/cmd/interp.c:3000,"GOD, REINITPHYS | Godreinitphys | REINITPHYS",REINITPHYS,0,,
staff_command,release,exact,src/cmd/interp.c:3001,"GOD, RELEASE | Godrelease | RELEASE",RELEASE,0,,
staff_command,rename,exact,src/cmd/interp.c:3003,RENAME,RENAME,0,,
staff_command,repiss,exact,src/cmd/interp.c:3050,REPISS,REPISS,0,,
staff_command,reroll,exact,src/cmd/interp.c:3004,DELETE REROLL | REROLL,REROLL,0,,
staff_command,resetarti,exact,src/cmd/interp.c:3054,RESETARTI,RESETARTI,0,,
staff_command,resetspec,exact,src/cmd/interp.c:3055,RESETSPEC,RESETSPEC,0,,
staff_command,restitution,missing,src/cmd/interp.c:3037,,,0,,Constitution | Petition | RESTORATION
staff_command,restore,exact,src/cmd/interp.c:3005,"GOD, RESTORE | Godrestore | RESTORE | RESTORE SPIRIT",RESTORE,0,,
staff_command,revoke,exact,src/cmd/interp.c:3012,REVOKE,REVOKE,0,,
staff_command,rlist,exact,src/cmd/interp.c:3456,RLIST,RLIST,0,,
staff_command,sacrifice,exact,src/cmd/interp.c:3013,Holy Sacrifice | SACRIFICE,SACRIFICE,0,,
staff_command,secret,exact,src/cmd/interp.c:3014,"GOD, SECRET | Godsecret | SECRET",SECRET,0,,
staff_command,setattr,exact,src/cmd/interp.c:3015,"GOD, SETATTR | Godsetattr | SETATTR",SETATTR,0,,
staff_command,setbit,exact,src/cmd/interp.c:3016,"GOD, SETBIT | Godsetbit | SETBIT",SETBIT,0,,
staff_command,sethome,exact,src/cmd/interp.c:3042,"GOD, SETHOME | Godsethome | SETHOME",SETHOME,0,,
staff_command,shutdow,exact,src/cmd/interp.c:3017,SHUTDOW | SHUTDOWN,SHUTDOW,0,,
staff_command,shutdown,exact,src/cmd/interp.c:3018,SHUTDOWN,SHUTDOWN,0,,
staff_command,silence,exact,src/cmd/interp.c:3019,"GOD, SILENCE | Godsilence | Silence | SILENCE (IMMORTAL)",Silence,0,,
staff_command,snoop,exact,src/cmd/interp.c:3020,"GOD, SNOOP | Godsnoop | SNOOP",SNOOP,0,,
staff_command,snowball,exact,src/cmd/interp.c:3021,"GOD, SNOWBALL | Godsnowball | SNOWBALL",SNOWBALL,0,,
staff_command,sql,exact,src/cmd/interp.c:3008,SQL,SQL,0,,
staff_command,statistic,exact,src/cmd/interp.c:3056,STATISTIC | STATS STATISTICS,STATISTIC,0,,
staff_command,storage,exact,src/cmd/interp.c:3057,LOCKER STORAGE | STORAGE,STORAGE,0,,
staff_command,string,exact,src/cmd/interp.c:3022,"GOD, STRING | Godstring | Hamstring | STRING",STRING,0,,
staff_command,supervise,exact,src/cmd/interp.c:3046,"GOD, SUPERVISE | SUPERVISE",SUPERVISE,0,,
staff_command,switch,exact,src/cmd/interp.c:3023,"GOD, SWITCH | Godswitch | SWITCH | SWITCH OPPONENTS",SWITCH,0,,
staff_command,teleport,exact,src/cmd/interp.c:3025,"GOD, TELEPORT | Godteleport | GROUP TELEPORT | TELEPORT | TELEPORT (IMMORTAL)",TELEPORT,0,,
staff_command,terminate,exact,src/cmd/interp.c:3026,TERMINATE,TERMINATE,0,,
staff_command,test,exact,src/cmd/interp.c:3179,s_test_Desolate_part_Guides' | TEST | TESTCOLOR | ZTESTDESC,TEST,0,,
staff_command,title,exact,src/cmd/interp.c:3029,"GOD, TITLE | Godtitle | TITLE | TITLES | TOGGLE_SHOW TITLES",TITLE,0,,
staff_command,tranquilize,exact,src/cmd/interp.c:3180,TRANQUILIZE,TRANQUILIZE,0,,
staff_command,transfer,exact,src/cmd/interp.c:3030,TRANSFER | TRANSFER WELLNESS,TRANSFER,0,,
staff_command,trapremove,exact,src/cmd/interp.c:3240,TRAPREMOVE,TRAPREMOVE,0,,
staff_command,trapset,exact,src/cmd/interp.c:3239,TRAPSET,TRAPSET,0,,
staff_command,uninvite,exact,src/cmd/interp.c:3053,UNINVITE,UNINVITE,0,,
staff_command,users,exact,src/cmd/interp.c:3033,"GOD, USERS | Godusers | USERS",USERS,0,,
staff_command,where,exact,src/cmd/interp.c:3034,"GOD, WHERE | Godwhere | QUESTWHERE | WHERE",WHERE,0,,
staff_command,which,exact,src/cmd/interp.c:3035,WHICH,WHICH,0,,
staff_command,whitelist,exact,src/cmd/interp.c:3062,WHITELIST,WHITELIST,0,,
staff_command,whois,exact,src/cmd/interp.c:3066,WHOIS,WHOIS,0,,
staff_command,wizconnect,exact,src/cmd/interp.c:3040,WIZCONNECT,WIZCONNECT,0,,
staff_command,wizhelp,exact,src/cmd/interp.c:3416,"GOD, WIZHELP | Godwizhelp | WIZHELP",WIZHELP,0,,
staff_command,wizlock,exact,src/cmd/interp.c:3039,"GOD, WIZLOCK | Godwizlock | WIZLOCK",WIZLOCK,0,,
staff_command,wizmsg,exact,src/cmd/interp.c:3417,"GOD, WIZMSG | Godwizmsg | WIZMSG",WIZMSG,0,,
staff_command,zcheck,exact,src/cmd/interp.c:3460,ZCHECK,ZCHECK,0,,
staff_command,zlist,exact,src/cmd/interp.c:3455,WIZLIST | ZLIST,ZLIST,0,,
staff_command,zreset,exact,src/cmd/interp.c:3041,ZRESET,ZRESET,0,,
staff_command,ztestdesc,exact,src/cmd/interp.c:3265,ZTESTDESC,ZTESTDESC,0,,
trigger_command,battlerager,missing,src/cmd/interp.c:3500,,,1,Age,Battle-forger | Battle orders | BATTLE MAGES AURA
trigger_command,bribe,missing,src/cmd/interp.c:3475,,,0,,Brief | Brb | Scribe
trigger_command,buy,exact,src/cmd/interp.c:3476,Buy | BUY SELL,Buy,0,,
trigger_command,claim,missing,src/cmd/interp.c:3494,,,7,Goblin | GUILDHALLS | KINGDOM | kingdoms | Magic,Climb | Clap | Camp
trigger_command,delete,exact,src/cmd/interp.c:3477,Delete | DELETE REROLL,Delete,0,,
trigger_command,disembark,exact,src/cmd/interp.c:3478,Disembark | SHIP_COMMANDS DISEMBARK REPAIR RELOAD,Disembark,0,,
trigger_command,exchange,exact,src/cmd/interp.c:3479,Exchange | EXCHANGE BANKS BALANCE DEPOSIT WITHDRAW,Exchange,0,,
trigger_command,harvest,missing,src/cmd/interp.c:3499,,,5,CALENDAR MONTHS | KINGDOM | kingdoms | LIFE LEECH | Months,Rest | Haste | Carve
trigger_command,hire,missing,src/cmd/interp.c:3495,,,5,KINGDOM | kingdoms | Mercenary | Ship crews | SHIP_CREWS,Hide | Fire | WHERE
trigger_command,join,missing,src/cmd/interp.c:3480,,,11,"Charing | CHARING ""CITY OF ELVES"" | Guild | GUILD GUILDS ASSOCIATIONS CLANS | help advanced",Point | Coins
trigger_command,list,exact,src/cmd/interp.c:3481,Animalist | ASCLIST | Auction List | Ballistic Attack | Elementalist | HLIST | IMPROVED LISTEN | List | Listen | MLIST | OLIST | RANGE SPECIALIST | Rangespecialist | RLIST | Ship list | SHIP_LIST | SPEC_LIST | Speclist | SPIRITUALIST | WHITELIST | WIZLIST | ZLIST,List,0,,
trigger_command,move,ambiguous,src/cmd/interp.c:3483,FREEDOM OF MOVEMENT | Moves | Remove | Remove Curse | Remove Poison | SHADOW MOVEMENT | Ship movement | SHIP_MOVEMENT | TRAPREMOVE,,53,Acid stream | ARTIFACTS | Bind | Channel | Cr,
trigger_command,offer,partial,src/cmd/interp.c:3484,Auction Offer,,6,Auction | Auction Offer | Commands | Rogue Plains | Seduce,
trigger_command,pardon,ambiguous,src/cmd/interp.c:3491,"GOD, PARDON | Godpardon",,5,"Cringe | GOD, PARDON | Godcommands | Godpardon | INTRODUCE",
trigger_command,pay,missing,src/cmd/interp.c:3490,,,9,help commands | hints | KINGDOM | kingdoms | Practice,Pray | Play | Parry
trigger_command,peruse,missing,src/cmd/interp.c:3482,,,1,Shops,SUPERVISE
trigger_command,rent,exact,src/cmd/interp.c:3485,Rent,Rent,0,,
trigger_command,repair,ambiguous,src/cmd/interp.c:3486,REPAIR ONE ITEM | SHIP_COMMANDS DISEMBARK REPAIR RELOAD,,7,Fix | hints | REPAIR ONE ITEM | Ship Combat | Ship commands,
trigger_command,reporting,missing,src/cmd/interp.c:3492,,,1,CHEAT,MREPORT | RESTORATION | Remort
trigger_command,sell,exact,src/cmd/interp.c:3487,BUY SELL | Sell,Sell,0,,
trigger_command,train,partial,src/cmd/interp.c:3497,RESTRAIN,,4,"Charing | CHARING ""CITY OF ELVES"" | HALF ELF | Skills",
trigger_command,turn_in,missing,src/cmd/interp.c:3493,,,0,,
trigger_command,value,exact,src/cmd/interp.c:3488,VALUE,VALUE,0,,
trigger_command,zap,missing,src/cmd/interp.c:3489,,,3,"GOD, LIGHTNING | Godlightning | Life Ward",Map
unregistered_command,_retired_827,missing,src/cmd/interp.c:1237,,,0,,
unregistered_command,_retired_828,missing,src/cmd/interp.c:1238,,,0,,
unregistered_command,analyze,missing,src/cmd/interp.c:561,,,0,,Paralyze | Cannibalize | Amaze
unregistered_command,condition,missing,src/cmd/interp.c:961,,,6,Disguise | Display | Glance | Memory | REPAIR ONE ITEM,CONTAGION | Constitution | Communications
unregistered_command,defend,exact,src/cmd/interp.c:1161,Defend | Defender,Defend,0,,
unregistered_command,epicreset,missing,src/cmd/interp.c:1212,,,0,,ZRESET | SECRET | Priest
unregistered_command,heroescall,missing,src/cmd/interp.c:1182,,,0,,Recall | Rescueall | RESCUE ALL
unregistered_command,hone,partial,src/cmd/interp.c:1174,Hone weapon,,1,Hone weapon,
unregistered_command,house,partial,src/cmd/interp.c:938,s_Wayhouse',,7,Auction | Auction Bid | Auction List | Auction Pickup | CALL LIBERATOR,
unregistered_command,lflags,missing,src/cmd/interp.c:515,,,0,,Frags | Flash | Lag
unregistered_command,lwitness,missing,src/cmd/interp.c:928,,,0,,Slowness | Blindness
unregistered_command,mix,exact,src/cmd/interp.c:1125,Mix | MIX MIXING | Mixing | MIXPOISON | Remix,Mix,0,,
unregistered_command,poofinsound,missing,src/cmd/interp.c:949,,,0,,POOFIN | Poison | POOFOUT
unregistered_command,poofoutsound,missing,src/cmd/interp.c:950,,,0,,POOFOUT
unregistered_command,reloadhelp,missing,src/cmd/interp.c:1110,,,0,,Relocate | Rareload
unregistered_command,sack,exact,src/cmd/interp.c:965,SACK,SACK,0,,
unregistered_command,shadow,exact,src/cmd/interp.c:795,Raise shadow | Shadow | SHADOW ARCHERY | Shadow Aura | Shadow Beast | Shadow Gate | Shadow Merging | Shadow Monster | SHADOW MOVEMENT | SHADOW PROJECTION | Shadow shield | Shadow Spawn | Shadow Travel | Shadow Vision | Shadowmage | SHADOWSTEP,Shadow,0,,
unregistered_command,speak,exact,src/cmd/interp.c:830,Speak,Speak,0,,
unregistered_command,tether,missing,src/cmd/interp.c:1216,,,0,,WEATHER | WITHER
unregistered_command,trap,exact,src/cmd/interp.c:543,Soul Trap | TRAP | TRAPREMOVE | TRAPSET,TRAP,0,,
